{
"lengthUnit": "mil",
"components": {
	"fields": ["COMPONENT_NO", "COMPONENT_NAME", "LAYER", "X_COORDINATE", "Y_COORDINATE", "ANGLE"],
	"rows": [
		[1, "B1", "B", 701.42, 1151.58, 90],
		[2, "BRAKE", "T", 875.98, 688.98, 180],
		[3, "C1", "T", -546.26, 693.9, 180],
		[4, "C2", "T", -546.26, 654.53, 180],
		[5, "C3", "T", -486.68, 1406.14, 90],
		[6, "C4", "T", 265.75, 1274.61, 270],
		[7, "C13", "T", 809.7, 1230.32, 270],
		[8, "C15", "T", 944.88, 1309.06, 270],
		[9, "C16", "T", 866.14, 1309.06, 270],
		[10, "C17", "T", 590.55, 1254.63, 270],
		[11, "C18", "T", 511.81, 1141.73, 90],
		[12, "C19", "T", 516.99, 1276.4, 270],
		[13, "C29", "T", 727.4, 1379.78, 0],
		[14, "C30", "T", 287.46, 1381.19, 270],
		[15, "C33", "T", 275.59, 1171.26, 270],
		[16, "C34", "T", 866.14, 925.2, 90],
		[17, "C35", "T", 944.88, 925.2, 90],
		[18, "C36", "T", 451.92, 954.72, 90],
		[19, "C37", "T", 807.09, 1102.36, 270],
		[20, "C38", "T", 590.55, 1001.28, 90],
		[21, "C39", "T", 517.45, 964.57, 90],
		[22, "C40", "T", 797.24, 925.19, 270],
		[23, "C47", "T", 866.75, -34.45, 0],
		[24, "C53", "T", 157.48, 34.45, 90],
		[25, "C55", "T", 196.85, 34.45, 270],
		[26, "C73", "T", -150.63, 4.25, 0],
		[27, "C76", "T", -866.14, 63.98, 90],
		[28, "C77", "T", -826.77, 63.98, 270],
		[29, "C78", "T", 866.75, 19.68, 180],
		[30, "C79", "T", -151.24, -49.88, 180],
		[31, "C80", "T", -113.19, 364.17, 0],
		[32, "C81", "T", -113.19, 147.64, 0],
		[33, "C82", "T", 910.43, 393.7, 0],
		[34, "C83", "T", 910.43, 162.4, 0],
		[35, "C84", "T", -374.02, 1245.08, 180],
		[36, "CN1", "T", -295.28, 1643.7, 180],
		[37, "CN2", "T", -787.4, 1704.73, 180],
		[38, "D1", "T", -783.48, 1497.95, 0],
		[39, "D2", "T", -575.79, 1510.83, 0],
		[40, "D3", "T", -432.57, 1371.82, 90],
		[41, "D6", "T", 462.6, 708.66, 0],
		[42, "DC1", "T", 403.54, 1574.8, 270],
		[43, "DEC_TMC", "T", 396.65, 195.87, 270],
		[44, "FRAM", "T", -339.57, 1368.11, 90],
		[45, "H1", "T", -127.95, -162.4, 180],
		[46, "H2", "T", 157.48, 1614.17, 270],
		[47, "IN1", "T", 804.95, 1537.16, 270],
		[48, "JP1", "T", -46.94, 1614.17, 90],
		[49, "L1", "T", -260.83, 1269.69, 270],
		[50, "L2", "T", 905.51, 1181.1, 90],
		[51, "L3", "T", 905.51, 1053.15, 270],
		[52, "LED1", "T", 719.4, 1803.14, 90],
		[53, "LED2", "T", -551.18, 1820.87, 270],
		[54, "MOT1", "T", -492.13, -234.25, 180],
		[55, "MOT2", "T", 492.13, -234.25, 180],
		[56, "MX1", "T", 59.05, 826.77, 0],
		[57, "PS1", "T", 915.35, 1643.7, 180],
		[58, "R1", "T", -305.12, 890.75, 270],
		[59, "R2", "T", -403.54, 738.19, 90],
		[60, "R3", "T", -354.33, 890.75, 90],
		[61, "R4", "T", -452.76, 738.19, 270],
		[62, "R5", "T", -875.98, 1496.06, 90],
		[63, "R6", "T", -531.5, 1382.2, 90],
		[64, "R7", "T", -570.87, 1382.2, 90],
		[65, "R8", "T", -590.55, 1438.5, 0],
		[66, "R9", "T", -669.29, 1496.06, 270],
		[67, "R10", "T", -403.54, 890.75, 270],
		[68, "R11", "T", -305.12, 738.19, 90],
		[69, "R12", "T", 719.4, 1671.36, 270],
		[70, "R13", "T", -452.76, 890.75, 90],
		[71, "R14", "T", -354.33, 738.19, 270],
		[72, "R17", "T", -486.4, 1317.76, 90],
		[73, "R18", "T", 344.49, 1407.48, 0],
		[74, "R31", "T", 321.82, 1151.58, 90],
		[75, "R32", "T", 374.02, 1131.89, 90],
		[76, "R35", "T", -550.97, 1712.6, 90],
		[77, "R40", "T", -359.25, 979.33, 0],
		[78, "R41", "T", -442.91, 979.33, 0],
		[79, "RA_TMC", "T", -622.05, 230.31, 270],
		[80, "U1", "T", -728.35, 984.25, 270],
		[81, "U3", "T", 0, 1181.1, 180],
		[82, "U7", "T", 701.42, 1210.63, 270],
		[83, "U8", "T", 393.7, 1299.21, 270],
		[84, "U9", "T", 701.42, 1082.68, 270],
		[85, "U11", "T", -403.54, 1107.28, 270],
		[86, "U13", "T", 147.64, -236.22, 0]
	]
},
"pins": {
	"fields": ["PIN_NO", "PIN_NAME", "PIN_X", "PIN_Y", "LAYER", "PIN_TYPE", "NET_NAME", "NET_TYPE", "PAD_SHAPE", "PAD_SIZEX", "PAD_SIZEY", "HOLE_SIZE", "PAD_ANGLE"],
	"rows": [
		[1, "B1_1", 701.42, 836.62, "B", "SMD", "VBAT", "", "R", 157.48, 70.87, 0, 270],
		[2, "B1_2", 701.42, 1466.54, "B", "SMD", "GND", "GND", "R", 157.48, 90.55, 0, 270],
		[3, "BRAKE_1", 915.35, 777.56, "T", "SMD", "GND", "GND", "R", 35.04, 118.11, 0, 180],
		[4, "BRAKE_2", 915.35, 600.4, "T", "SMD", "M1_ENA", "", "R", 35.04, 118.11, 0, 180],
		[5, "BRAKE_3", 836.61, 777.56, "T", "SMD", "VCC", "", "R", 35.04, 118.11, 0, 180],
		[6, "BRAKE_4", 836.61, 600.4, "T", "SMD", "+3.3V", "", "R", 35.04, 118.11, 0, 180],
		[7, "C1_1", -521.95, 693.9, "T", "SMD", "GND", "GND", "R", 25.39, 21.26, 0, 180],
		[8, "C1_2", -570.57, 693.9, "T", "SMD", "+3.3V", "", "R", 25.39, 21.26, 0, 180],
		[9, "C2_1", -521.95, 654.53, "T", "SMD", "GND", "GND", "R", 25.39, 21.26, 0, 180],
		[10, "C2_2", -570.57, 654.53, "T", "SMD", "+3.3V", "", "R", 25.39, 21.26, 0, 180],
		[11, "C3_1", -486.68, 1384.68, "T", "SMD", "+3.3V", "", "R", 31.11, 21.26, 0, 90],
		[12, "C3_2", -486.68, 1427.6, "T", "SMD", "GND", "GND", "R", 31.11, 21.26, 0, 90],
		[13, "C4_1", 265.75, 1302.17, "T", "SMD", "+3.3V", "", "R", 31.5, 35.43, 0, 270],
		[14, "C4_2", 265.75, 1247.05, "T", "SMD", "GND", "GND", "R", 31.5, 35.43, 0, 270],
		[15, "C13_1", 809.7, 1251.78, "T", "SMD", "$3N23825", "", "R", 31.11, 21.26, 0, 270],
		[16, "C13_2", 809.7, 1208.86, "T", "SMD", "$3N2780", "", "R", 31.11, 21.26, 0, 270],
		[17, "C15_1", 944.88, 1348.43, "T", "SMD", "GND", "GND", "R", 55.51, 53.15, 0, 270],
		[18, "C15_2", 944.88, 1269.69, "T", "SMD", "+5V", "", "R", 55.51, 53.15, 0, 270],
		[19, "C16_1", 866.14, 1348.43, "T", "SMD", "GND", "GND", "R", 55.51, 53.15, 0, 270],
		[20, "C16_2", 866.14, 1269.69, "T", "SMD", "+5V", "", "R", 55.51, 53.15, 0, 270],
		[21, "C17_1", 590.55, 1317.33, "T", "SMD", "GND", "GND", "R", 58.47, 68.03, 0, 270],
		[22, "C17_2", 590.55, 1191.93, "T", "SMD", "VCC", "", "R", 58.47, 68.03, 0, 270],
		[23, "C18_1", 511.81, 1101.18, "T", "SMD", "GND", "GND", "R", 55.51, 53.15, 0, 90],
		[24, "C18_2", 511.81, 1182.28, "T", "SMD", "VCC", "", "R", 55.51, 53.15, 0, 90],
		[25, "C19_1", 516.99, 1303.96, "T", "SMD", "GND", "GND", "R", 31.5, 35.43, 0, 270],
		[26, "C19_2", 516.99, 1248.84, "T", "SMD", "VCC", "", "R", 31.5, 35.43, 0, 270],
		[27, "C29_1", 674.25, 1379.78, "T", "SMD", "+5V", "", "R", 47.24, 55.12, 0, 0],
		[28, "C29_2", 780.55, 1379.78, "T", "SMD", "GND", "GND", "R", 47.24, 55.12, 0, 0],
		[29, "C30_1", 287.46, 1402.65, "T", "SMD", "GND", "GND", "R", 31.11, 21.26, 0, 270],
		[30, "C30_2", 287.46, 1359.73, "T", "SMD", "$3N39977", "", "R", 31.11, 21.26, 0, 270],
		[31, "C33_1", 275.59, 1192.72, "T", "SMD", "$3N40264", "", "R", 31.11, 21.26, 0, 270],
		[32, "C33_2", 275.59, 1149.8, "T", "SMD", "GND", "GND", "R", 31.11, 21.26, 0, 270],
		[33, "C34_1", 866.14, 885.83, "T", "SMD", "GND", "GND", "R", 55.51, 53.15, 0, 90],
		[34, "C34_2", 866.14, 964.57, "T", "SMD", "+3.3V", "", "R", 55.51, 53.15, 0, 90],
		[35, "C35_1", 944.88, 885.83, "T", "SMD", "GND", "GND", "R", 55.51, 53.15, 0, 90],
		[36, "C35_2", 944.88, 964.57, "T", "SMD", "+3.3V", "", "R", 55.51, 53.15, 0, 90],
		[37, "C36_1", 451.92, 914.17, "T", "SMD", "GND", "GND", "R", 55.51, 53.15, 0, 90],
		[38, "C36_2", 451.92, 995.28, "T", "SMD", "VCC", "", "R", 55.51, 53.15, 0, 90],
		[39, "C37_1", 807.09, 1123.82, "T", "SMD", "$3N44065", "", "R", 31.11, 21.26, 0, 270],
		[40, "C37_2", 807.09, 1080.9, "T", "SMD", "$3N44061", "", "R", 31.11, 21.26, 0, 270],
		[41, "C38_1", 590.55, 938.58, "T", "SMD", "GND", "GND", "R", 58.47, 68.03, 0, 90],
		[42, "C38_2", 590.55, 1063.98, "T", "SMD", "VCC", "", "R", 58.47, 68.03, 0, 90],
		[43, "C39_1", 517.45, 937.01, "T", "SMD", "GND", "GND", "R", 31.5, 35.43, 0, 90],
		[44, "C39_2", 517.45, 992.13, "T", "SMD", "VCC", "", "R", 31.5, 35.43, 0, 90],
		[45, "C40_1", 797.24, 978.34, "T", "SMD", "+3.3V", "", "R", 47.24, 55.12, 0, 270],
		[46, "C40_2", 797.24, 872.04, "T", "SMD", "GND", "GND", "R", 47.24, 55.12, 0, 270],
		[47, "C47_1", 839.19, -34.45, "T", "SMD", "VCC", "", "R", 31.5, 35.43, 0, 0],
		[48, "C47_2", 894.31, -34.45, "T", "SMD", "GND", "GND", "R", 31.5, 35.43, 0, 0],
		[49, "C53_1", 157.48, 12.99, "T", "SMD", "+3.3V", "", "R", 31.11, 21.26, 0, 90],
		[50, "C53_2", 157.48, 55.91, "T", "SMD", "GND", "GND", "R", 31.11, 21.26, 0, 90],
		[51, "C55_1", 196.85, 55.91, "T", "SMD", "GND", "GND", "R", 31.11, 21.26, 0, 270],
		[52, "C55_2", 196.85, 12.99, "T", "SMD", "+3.3V", "", "R", 31.11, 21.26, 0, 270],
		[53, "C73_1", -178.19, 4.25, "T", "SMD", "VCC", "", "R", 31.5, 35.43, 0, 0],
		[54, "C73_2", -123.07, 4.25, "T", "SMD", "GND", "GND", "R", 31.5, 35.43, 0, 0],
		[55, "C76_1", -866.14, 42.52, "T", "SMD", "+3.3V", "", "R", 31.11, 21.26, 0, 90],
		[56, "C76_2", -866.14, 85.44, "T", "SMD", "GND", "GND", "R", 31.11, 21.26, 0, 90],
		[57, "C77_1", -826.77, 85.44, "T", "SMD", "GND", "GND", "R", 31.11, 21.26, 0, 270],
		[58, "C77_2", -826.77, 42.52, "T", "SMD", "+3.3V", "", "R", 31.11, 21.26, 0, 270],
		[59, "C78_1", 894.31, 19.68, "T", "SMD", "GND", "GND", "R", 31.5, 35.43, 0, 180],
		[60, "C78_2", 839.19, 19.68, "T", "SMD", "VCC", "", "R", 31.5, 35.43, 0, 180],
		[61, "C79_1", -123.68, -49.88, "T", "SMD", "GND", "GND", "R", 31.5, 35.43, 0, 180],
		[62, "C79_2", -178.8, -49.88, "T", "SMD", "VCC", "", "R", 31.5, 35.43, 0, 180],
		[63, "C80_1", -152.56, 364.17, "T", "DIP", "VCC", "", "C", 51.18, 51.18, 31.5, 0],
		[64, "C80_1", -152.56, 364.17, "B", "DIP", "VCC", "", "C", 51.18, 51.18, 31.5, 0],
		[65, "C80_2", -73.82, 364.17, "T", "DIP", "GND", "GND", "C", 51.18, 51.18, 31.5, 0],
		[66, "C80_2", -73.82, 364.17, "B", "DIP", "GND", "GND", "C", 51.18, 51.18, 31.5, 0],
		[67, "C81_1", -152.56, 147.64, "T", "DIP", "VCC", "", "C", 51.18, 51.18, 31.5, 0],
		[68, "C81_1", -152.56, 147.64, "B", "DIP", "VCC", "", "C", 51.18, 51.18, 31.5, 0],
		[69, "C81_2", -73.82, 147.64, "T", "DIP", "GND", "GND", "C", 51.18, 51.18, 31.5, 0],
		[70, "C81_2", -73.82, 147.64, "B", "DIP", "GND", "GND", "C", 51.18, 51.18, 31.5, 0],
		[71, "C82_1", 871.06, 393.7, "T", "DIP", "VCC", "", "C", 51.18, 51.18, 31.5, 0],
		[72, "C82_1", 871.06, 393.7, "B", "DIP", "VCC", "", "C", 51.18, 51.18, 31.5, 0],
		[73, "C82_2", 949.8, 393.7, "T", "DIP", "GND", "GND", "C", 51.18, 51.18, 31.5, 0],
		[74, "C82_2", 949.8, 393.7, "B", "DIP", "GND", "GND", "C", 51.18, 51.18, 31.5, 0],
		[75, "C83_1", 871.06, 162.4, "T", "DIP", "VCC", "", "C", 51.18, 51.18, 31.5, 0],
		[76, "C83_1", 871.06, 162.4, "B", "DIP", "VCC", "", "C", 51.18, 51.18, 31.5, 0],
		[77, "C83_2", 949.8, 162.4, "T", "DIP", "GND", "GND", "C", 51.18, 51.18, 31.5, 0],
		[78, "C83_2", 949.8, 162.4, "B", "DIP", "GND", "GND", "C", 51.18, 51.18, 31.5, 0],
		[79, "C84_1", -346.46, 1245.08, "T", "SMD", "$1N173382", "", "R", 31.5, 35.43, 0, 180],
		[80, "C84_2", -401.58, 1245.08, "T", "SMD", "GND", "GND", "R", 31.5, 35.43, 0, 180],
		[81, "CN1_1", -127.95, 1482.29, "T", "SMD", "GND", "GND", "R", 55.12, 98.42, 0, 270],
		[82, "CN1_2", -462.6, 1805.12, "T", "SMD", "RX_REMOTE", "", "R", 55.12, 98.42, 0, 270],
		[83, "CN1_3", -462.6, 1687.01, "T", "SMD", "TX_REMOTE", "", "R", 55.12, 98.42, 0, 270],
		[84, "CN1_4", -462.6, 1533.47, "T", "SMD", "+5V", "", "R", 55.12, 98.42, 0, 270],
		[85, "CN1_5", -127.95, 1805.12, "T", "SMD", "CN1_5", "", "R", 55.12, 98.42, 0, 270],
		[86, "CN2_0", -957.48, 1608.27, "T", "DIP", "GND", "GND", "O", 39.37, 82.68, 62.99, 180],
		[87, "CN2_0", -957.48, 1608.27, "B", "DIP", "GND", "GND", "O", 39.37, 82.68, 62.99, 180],
		[88, "CN2_0", -617.32, 1608.27, "T", "DIP", "GND", "GND", "O", 39.37, 82.68, 62.99, 180],
		[89, "CN2_0", -617.32, 1608.27, "B", "DIP", "GND", "GND", "O", 39.37, 82.68, 62.99, 180],
		[90, "CN2_0", -617.32, 1819.29, "T", "DIP", "GND", "GND", "O", 39.37, 102.36, 82.68, 180],
		[91, "CN2_0", -617.32, 1819.29, "B", "DIP", "GND", "GND", "O", 39.37, 102.36, 82.68, 180],
		[92, "CN2_0", -957.48, 1819.29, "T", "DIP", "GND", "GND", "O", 39.37, 102.36, 82.68, 180],
		[93, "CN2_0", -957.48, 1819.29, "B", "DIP", "GND", "GND", "O", 39.37, 102.36, 82.68, 180],
		[94, "CN2_A1", -669.29, 1590.16, "T", "SMD", "GND", "GND", "R", 11.81, 31.5, 0, 180],
		[95, "CN2_A10", -866.14, 1590.16, "T", "SMD", "CN2_A10", "", "R", 11.81, 31.5, 0, 180],
		[96, "CN2_A11", -885.83, 1590.16, "T", "SMD", "CN2_A11", "", "R", 11.81, 31.5, 0, 180],
		[97, "CN2_A12", -905.51, 1590.16, "T", "SMD", "GND", "GND", "R", 11.81, 31.5, 0, 180],
		[98, "CN2_A2", -688.98, 1590.16, "T", "SMD", "CN2_A2", "", "R", 11.81, 31.5, 0, 180],
		[99, "CN2_A3", -708.66, 1590.16, "T", "SMD", "CN2_A3", "", "R", 11.81, 31.5, 0, 180],
		[100, "CN2_A4", -728.35, 1590.16, "T", "SMD", "VUSB_IN", "", "R", 11.81, 31.5, 0, 180],
		[101, "CN2_A5", -748.03, 1590.16, "T", "SMD", "$1N104749", "", "R", 11.81, 31.5, 0, 180],
		[102, "CN2_A6", -767.72, 1590.16, "T", "SMD", "D+", "", "R", 11.81, 31.5, 0, 180],
		[103, "CN2_A7", -807.09, 1590.16, "T", "SMD", "D-", "", "R", 11.81, 31.5, 0, 180],
		[104, "CN2_A8", -826.77, 1590.16, "T", "SMD", "CN2_A8", "", "R", 11.81, 31.5, 0, 180],
		[105, "CN2_A9", -846.46, 1590.16, "T", "SMD", "VUSB_IN", "", "R", 11.81, 31.5, 0, 180],
		[106, "CN2_B1", -909.45, 1643.31, "T", "SMD", "GND", "GND", "R", 39.37, 27.56, 0, 180],
		[107, "CN2_B10", -718.5, 1643.31, "T", "SMD", "CN2_B10", "", "R", 11.81, 27.56, 0, 180],
		[108, "CN2_B11", -698.82, 1643.31, "T", "SMD", "CN2_B11", "", "R", 11.81, 27.56, 0, 180],
		[109, "CN2_B12", -665.35, 1643.31, "T", "SMD", "GND", "GND", "P", 39.37, 27.56, 0, 180],
		[110, "CN2_B2", -875.98, 1643.31, "T", "SMD", "CN2_B2", "", "R", 11.81, 27.56, 0, 180],
		[111, "CN2_B3", -856.3, 1643.31, "T", "SMD", "CN2_B3", "", "R", 11.81, 27.56, 0, 180],
		[112, "CN2_B4", -836.61, 1643.31, "T", "SMD", "VUSB_IN", "", "R", 11.81, 27.56, 0, 180],
		[113, "CN2_B5", -816.93, 1643.31, "T", "SMD", "$1N104745", "", "R", 11.81, 27.56, 0, 180],
		[114, "CN2_B6", -797.24, 1643.31, "T", "SMD", "D+", "", "R", 11.81, 27.56, 0, 180],
		[115, "CN2_B7", -777.56, 1643.31, "T", "SMD", "D-", "", "R", 11.81, 27.56, 0, 180],
		[116, "CN2_B8", -757.87, 1643.31, "T", "SMD", "CN2_B8", "", "R", 11.81, 27.56, 0, 180],
		[117, "CN2_B9", -738.19, 1643.31, "T", "SMD", "VUSB_IN", "", "R", 11.81, 27.56, 0, 180],
		[118, "D1_1", -819.7, 1523.54, "T", "SMD", "GND", "GND", "R", 27.56, 16.54, 0, 0],
		[119, "D1_2", -819.7, 1497.95, "T", "SMD", "VUSB_IN", "", "R", 27.56, 16.54, 0, 0],
		[120, "D1_3", -819.7, 1472.36, "T", "SMD", "D-", "", "R", 27.56, 16.54, 0, 0],
		[121, "D1_4", -747.27, 1472.36, "T", "SMD", "GND", "GND", "R", 27.56, 16.54, 0, 0],
		[122, "D1_5", -747.27, 1497.95, "T", "SMD", "VUSB_IN", "", "R", 27.56, 16.54, 0, 0],
		[123, "D1_6", -747.27, 1523.54, "T", "SMD", "D+", "", "R", 27.56, 16.54, 0, 0],
		[124, "D2_1", -612, 1536.42, "T", "SMD", "GND", "GND", "R", 27.56, 16.54, 0, 0],
		[125, "D2_2", -612, 1510.83, "T", "SMD", "+3.3V", "", "R", 27.56, 16.54, 0, 0],
		[126, "D2_3", -612, 1485.24, "T", "SMD", "RX_REMOTE", "", "R", 27.56, 16.54, 0, 0],
		[127, "D2_4", -539.57, 1485.24, "T", "SMD", "GND", "GND", "R", 27.56, 16.54, 0, 0],
		[128, "D2_5", -539.57, 1510.83, "T", "SMD", "+3.3V", "", "R", 27.56, 16.54, 0, 0],
		[129, "D2_6", -539.57, 1536.42, "T", "SMD", "TX_REMOTE", "", "R", 27.56, 16.54, 0, 0],
		[130, "D3_1", -432.57, 1325.66, "T", "SMD", "$3N2384", "", "R", 39.37, 29.53, 0, 90],
		[131, "D3_2", -432.57, 1417.99, "T", "SMD", "+3.3V", "", "R", 39.37, 29.53, 0, 90],
		[132, "D6_1", 375.99, 708.66, "T", "SMD", "VCC", "", "R", 78.74, 78.74, 0, 180],
		[133, "D6_2", 549.21, 708.66, "T", "SMD", "GND", "GND", "R", 78.74, 78.74, 0, 180],
		[134, "DC1_1", 496.13, 1456.69, "T", "DIP", "$3N39869", "", "O", 165.35, 70.87, 137.79, 0],
		[135, "DC1_1", 496.13, 1456.69, "B", "DIP", "$3N39869", "", "O", 165.35, 70.87, 137.79, 0],
		[136, "DC1_2", 496.13, 1692.91, "T", "DIP", "GND", "GND", "O", 157.48, 70.87, 129.92, 180],
		[137, "DC1_2", 496.13, 1692.91, "B", "DIP", "GND", "GND", "O", 157.48, 70.87, 129.92, 180],
		[138, "DC1_3", 310.96, 1574.81, "T", "DIP", "DC1_3", "", "O", 157.48, 70.87, 129.92, 270],
		[139, "DC1_3", 310.96, 1574.81, "B", "DIP", "DC1_3", "", "O", 157.48, 70.87, 129.92, 270],
		[140, "DEC_TMC_1", 746.65, 445.87, "T", "DIP", "M2_ENA", "", "C", 60, 60, 35.43, 270],
		[141, "DEC_TMC_1", 746.65, 445.87, "B", "DIP", "M2_ENA", "", "C", 60, 60, 35.43, 270],
		[142, "DEC_TMC_2", 646.65, 445.87, "T", "DIP", "MOSI", "", "C", 60, 60, 35.43, 270],
		[143, "DEC_TMC_2", 646.65, 445.87, "B", "DIP", "MOSI", "", "C", 60, 60, 35.43, 270],
		[144, "DEC_TMC_3", 546.65, 445.87, "T", "DIP", "SCK", "", "C", 60, 60, 35.43, 270],
		[145, "DEC_TMC_3", 546.65, 445.87, "B", "DIP", "SCK", "", "C", 60, 60, 35.43, 270],
		[146, "DEC_TMC_4", 446.65, 445.87, "T", "DIP", "M2_CS", "", "C", 60, 60, 35.43, 270],
		[147, "DEC_TMC_4", 446.65, 445.87, "B", "DIP", "M2_CS", "", "C", 60, 60, 35.43, 270],
		[148, "DEC_TMC_5", 346.65, 445.87, "T", "DIP", "MISO", "", "C", 60, 60, 35.43, 270],
		[149, "DEC_TMC_5", 346.65, 445.87, "B", "DIP", "MISO", "", "C", 60, 60, 35.43, 270],
		[150, "DEC_TMC_6", 246.65, 445.87, "T", "DIP", "M2_M4", "", "C", 60, 60, 35.43, 270],
		[151, "DEC_TMC_6", 246.65, 445.87, "B", "DIP", "M2_M4", "", "C", 60, 60, 35.43, 270],
		[152, "DEC_TMC_7", 146.65, 445.87, "T", "DIP", "M2_STEP", "", "C", 60, 60, 35.43, 270],
		[153, "DEC_TMC_7", 146.65, 445.87, "B", "DIP", "M2_STEP", "", "C", 60, 60, 35.43, 270],
		[154, "DEC_TMC_8", 46.65, 445.87, "T", "DIP", "M2_DIR", "", "C", 60, 60, 35.43, 270],
		[155, "DEC_TMC_8", 46.65, 445.87, "B", "DIP", "M2_DIR", "", "C", 60, 60, 35.43, 270],
		[156, "DEC_TMC_9", 46.65, -54.13, "T", "DIP", "GND", "GND", "C", 60, 60, 35.43, 270],
		[157, "DEC_TMC_9", 46.65, -54.13, "B", "DIP", "GND", "GND", "C", 60, 60, 35.43, 270],
		[158, "DEC_TMC_10", 146.65, -54.13, "T", "DIP", "+3.3V", "", "C", 60, 60, 35.43, 270],
		[159, "DEC_TMC_10", 146.65, -54.13, "B", "DIP", "+3.3V", "", "C", 60, 60, 35.43, 270],
		[160, "DEC_TMC_11", 246.65, -54.13, "T", "DIP", "M2_BMA2", "", "C", 60, 60, 35.43, 270],
		[161, "DEC_TMC_11", 246.65, -54.13, "B", "DIP", "M2_BMA2", "", "C", 60, 60, 35.43, 270],
		[162, "DEC_TMC_12", 346.65, -54.13, "T", "DIP", "M2_BMA1", "", "C", 60, 60, 35.43, 270],
		[163, "DEC_TMC_12", 346.65, -54.13, "B", "DIP", "M2_BMA1", "", "C", 60, 60, 35.43, 270],
		[164, "DEC_TMC_13", 446.65, -54.13, "T", "DIP", "M2_BMB1", "", "C", 60, 60, 35.43, 270],
		[165, "DEC_TMC_13", 446.65, -54.13, "B", "DIP", "M2_BMB1", "", "C", 60, 60, 35.43, 270],
		[166, "DEC_TMC_14", 546.65, -54.13, "T", "DIP", "M2_BMB2", "", "C", 60, 60, 35.43, 270],
		[167, "DEC_TMC_14", 546.65, -54.13, "B", "DIP", "M2_BMB2", "", "C", 60, 60, 35.43, 270],
		[168, "DEC_TMC_15", 646.65, -54.13, "T", "DIP", "GND", "GND", "C", 60, 60, 35.43, 270],
		[169, "DEC_TMC_15", 646.65, -54.13, "B", "DIP", "GND", "GND", "C", 60, 60, 35.43, 270],
		[170, "DEC_TMC_16", 746.65, -54.13, "T", "DIP", "VCC", "", "C", 60, 60, 35.43, 270],
		[171, "DEC_TMC_16", 746.65, -54.13, "B", "DIP", "VCC", "", "C", 60, 60, 35.43, 270],
		[172, "FRAM_1", -339.57, 1351.07, "T", "SMD", "$1N173382", "", "R", 22.27, 21.26, 0, 90],
		[173, "FRAM_2", -339.57, 1385.15, "T", "SMD", "+3.3V", "", "R", 22.27, 21.26, 0, 90],
		[174, "H1_1", -52.95, -137.4, "T", "DIP", "GND", "GND", "R", 43.31, 39.37, 25.59, 180],
		[175, "H1_1", -52.95, -137.4, "B", "DIP", "GND", "GND", "R", 43.31, 39.37, 25.59, 180],
		[176, "H1_2", -52.95, -187.4, "T", "DIP", "GND", "GND", "C", 39.37, 39.37, 25.59, 180],
		[177, "H1_2", -52.95, -187.4, "B", "DIP", "GND", "GND", "C", 39.37, 39.37, 25.59, 180],
		[178, "H1_3", -102.95, -137.4, "T", "DIP", "M1_ENCA_IN", "", "C", 39.37, 39.37, 25.59, 180],
		[179, "H1_3", -102.95, -137.4, "B", "DIP", "M1_ENCA_IN", "", "C", 39.37, 39.37, 25.59, 180],
		[180, "H1_4", -102.95, -187.4, "T", "DIP", "M2_ENCA_IN", "", "C", 39.37, 39.37, 25.59, 180],
		[181, "H1_4", -102.95, -187.4, "B", "DIP", "M2_ENCA_IN", "", "C", 39.37, 39.37, 25.59, 180],
		[182, "H1_5", -152.95, -137.4, "T", "DIP", "M1_ENCB_IN", "", "C", 39.37, 39.37, 25.59, 180],
		[183, "H1_5", -152.95, -137.4, "B", "DIP", "M1_ENCB_IN", "", "C", 39.37, 39.37, 25.59, 180],
		[184, "H1_6", -152.95, -187.4, "T", "DIP", "M2_ENCB_IN", "", "C", 39.37, 39.37, 25.59, 180],
		[185, "H1_6", -152.95, -187.4, "B", "DIP", "M2_ENCB_IN", "", "C", 39.37, 39.37, 25.59, 180],
		[186, "H1_7", -202.95, -137.4, "T", "DIP", "+5V", "", "C", 39.37, 39.37, 25.59, 180],
		[187, "H1_7", -202.95, -137.4, "B", "DIP", "+5V", "", "C", 39.37, 39.37, 25.59, 180],
		[188, "H1_8", -202.95, -187.4, "T", "DIP", "+5V", "", "C", 39.37, 39.37, 25.59, 180],
		[189, "H1_8", -202.95, -187.4, "B", "DIP", "+5V", "", "C", 39.37, 39.37, 25.59, 180],
		[190, "H2_1", 107.48, 1764.17, "T", "DIP", "TX_DEBUG", "", "C", 62.99, 62.99, 43.31, 270],
		[191, "H2_1", 107.48, 1764.17, "B", "DIP", "TX_DEBUG", "", "C", 62.99, 62.99, 43.31, 270],
		[192, "H2_2", 207.48, 1764.17, "T", "DIP", "+3.3V", "", "C", 62.99, 62.99, 43.31, 270],
		[193, "H2_2", 207.48, 1764.17, "B", "DIP", "+3.3V", "", "C", 62.99, 62.99, 43.31, 270],
		[194, "H2_3", 107.48, 1664.17, "T", "DIP", "PRG_ESP", "", "C", 62.99, 62.99, 43.31, 270],
		[195, "H2_3", 107.48, 1664.17, "B", "DIP", "PRG_ESP", "", "C", 62.99, 62.99, 43.31, 270],
		[196, "H2_4", 207.48, 1664.17, "T", "DIP", "RST_ESP", "", "C", 62.99, 62.99, 43.31, 270],
		[197, "H2_4", 207.48, 1664.17, "B", "DIP", "RST_ESP", "", "C", 62.99, 62.99, 43.31, 270],
		[198, "H2_5", 107.48, 1564.17, "T", "DIP", "H2_5", "", "C", 62.99, 62.99, 43.31, 270],
		[199, "H2_5", 107.48, 1564.17, "B", "DIP", "H2_5", "", "C", 62.99, 62.99, 43.31, 270],
		[200, "H2_6", 207.48, 1564.17, "T", "DIP", "H2_6", "", "C", 62.99, 62.99, 43.31, 270],
		[201, "H2_6", 207.48, 1564.17, "B", "DIP", "H2_6", "", "C", 62.99, 62.99, 43.31, 270],
		[202, "H2_7", 107.48, 1464.17, "T", "DIP", "GND", "GND", "R", 62.99, 62.99, 43.31, 270],
		[203, "H2_7", 107.48, 1464.17, "B", "DIP", "GND", "GND", "R", 62.99, 62.99, 43.31, 270],
		[204, "H2_8", 207.48, 1464.17, "T", "DIP", "RX_DEBUG", "", "C", 62.99, 62.99, 43.31, 270],
		[205, "H2_8", 207.48, 1464.17, "B", "DIP", "RX_DEBUG", "", "C", 62.99, 62.99, 43.31, 270],
		[206, "IN1_1", 804.95, 1587.16, "T", "DIP", "GND", "GND", "R", 78.74, 78.74, 47.24, 270],
		[207, "IN1_1", 804.95, 1587.16, "B", "DIP", "GND", "GND", "R", 78.74, 78.74, 47.24, 270],
		[208, "IN1_2", 804.95, 1487.16, "T", "DIP", "$3N39869", "", "C", 78.74, 78.74, 47.24, 270],
		[209, "IN1_2", 804.95, 1487.16, "B", "DIP", "$3N39869", "", "C", 78.74, 78.74, 47.24, 270],
		[210, "JP1_1", -46.94, 1584.15, "T", "SMD", "$1N143386", "", "R", 41.34, 39.37, 0, 270],
		[211, "JP1_2", 11.13, 1644.19, "T", "SMD", "GND", "GND", "R", 86.61, 41.34, 0, 270],
		[212, "JP1_3", -105.01, 1644.19, "T", "SMD", "GND", "GND", "R", 86.61, 41.34, 0, 270],
		[213, "L1_1", -260.83, 1242.13, "T", "SMD", "$1N92540", "", "R", 31.5, 34.02, 0, 90],
		[214, "L1_2", -260.83, 1297.25, "T", "SMD", "$1N143386", "", "R", 31.5, 34.02, 0, 90],
		[215, "L2_1", 905.51, 1143.68, "T", "SMD", "$3N2780", "", "R", 39.37, 86.61, 0, 90],
		[216, "L2_2", 905.51, 1218.52, "T", "SMD", "+5V", "", "R", 39.37, 86.61, 0, 90],
		[217, "L3_1", 905.51, 1090.57, "T", "SMD", "$3N44061", "", "R", 39.37, 86.61, 0, 270],
		[218, "L3_2", 905.51, 1015.73, "T", "SMD", "+3.3V", "", "R", 39.37, 86.61, 0, 270],
		[219, "LED1_1", 719.4, 1836.64, "T", "SMD", "+3.3V", "", "R", 31.5, 31.5, 0, 180],
		[220, "LED1_2", 719.4, 1769.64, "T", "SMD", "$1N106286", "", "R", 31.5, 31.5, 0, 180],
		[221, "LED2_1", -551.32, 1852.34, "T", "SMD", "GND", "GND", "R", 31.5, 31.5, 0, 0],
		[222, "LED2_2", -551.05, 1789.39, "T", "SMD", "$1N106279", "", "R", 31.5, 31.5, 0, 0],
		[223, "MOT1_1", -342.13, -234.25, "T", "DIP", "M1_BMB2", "", "R", 70.87, 70.87, 43.31, 180],
		[224, "MOT1_1", -342.13, -234.25, "B", "DIP", "M1_BMB2", "", "R", 70.87, 70.87, 43.31, 180],
		[225, "MOT1_2", -442.13, -234.25, "T", "DIP", "M1_BMB1", "", "C", 70.87, 70.87, 43.31, 180],
		[226, "MOT1_2", -442.13, -234.25, "B", "DIP", "M1_BMB1", "", "C", 70.87, 70.87, 43.31, 180],
		[227, "MOT1_3", -542.13, -234.25, "T", "DIP", "M1_BMA1", "", "C", 70.87, 70.87, 43.31, 180],
		[228, "MOT1_3", -542.13, -234.25, "B", "DIP", "M1_BMA1", "", "C", 70.87, 70.87, 43.31, 180],
		[229, "MOT1_4", -642.13, -234.25, "T", "DIP", "M1_BMA2", "", "C", 70.87, 70.87, 43.31, 180],
		[230, "MOT1_4", -642.13, -234.25, "B", "DIP", "M1_BMA2", "", "C", 70.87, 70.87, 43.31, 180],
		[231, "MOT2_1", 642.13, -234.25, "T", "DIP", "M2_BMB2", "", "R", 70.87, 70.87, 43.31, 180],
		[232, "MOT2_1", 642.13, -234.25, "B", "DIP", "M2_BMB2", "", "R", 70.87, 70.87, 43.31, 180],
		[233, "MOT2_2", 542.13, -234.25, "T", "DIP", "M2_BMB1", "", "C", 70.87, 70.87, 43.31, 180],
		[234, "MOT2_2", 542.13, -234.25, "B", "DIP", "M2_BMB1", "", "C", 70.87, 70.87, 43.31, 180],
		[235, "MOT2_3", 442.13, -234.25, "T", "DIP", "M2_BMA1", "", "C", 70.87, 70.87, 43.31, 180],
		[236, "MOT2_3", 442.13, -234.25, "B", "DIP", "M2_BMA1", "", "C", 70.87, 70.87, 43.31, 180],
		[237, "MOT2_4", 342.13, -234.25, "T", "DIP", "M2_BMA2", "", "C", 70.87, 70.87, 43.31, 180],
		[238, "MOT2_4", 342.13, -234.25, "B", "DIP", "M2_BMA2", "", "C", 70.87, 70.87, 43.31, 180],
		[239, "MX1_1", 126.38, 912.21, "T", "SMD", "GND", "GND", "P", 122.05, 122.05, 0, 0],
		[240, "MX1_1", -26.38, 894.1, "T", "SMD", "GND", "GND", "P", 122.05, 122.05, 0, 0],
		[241, "MX1_1", -8.27, 741.34, "T", "SMD", "GND", "GND", "P", 122.05, 122.05, 0, 0],
		[242, "MX1_1", 144.49, 759.45, "T", "SMD", "GND", "GND", "P", 122.05, 122.05, 0, 0],
		[243, "PS1_1", 915.35, 1843.7, "T", "DIP", "$3N39927", "", "C", 60, 60, 36, 270],
		[244, "PS1_1", 915.35, 1843.7, "B", "DIP", "$3N39927", "", "C", 60, 60, 36, 270],
		[245, "PS1_2", 815.35, 1843.7, "T", "DIP", "$3N39927", "", "C", 60, 60, 36, 270],
		[246, "PS1_2", 815.35, 1843.7, "B", "DIP", "$3N39927", "", "C", 60, 60, 36, 270],
		[247, "PS1_4", 915.35, 1443.7, "T", "DIP", "$3N39869", "", "C", 60, 60, 36, 270],
		[248, "PS1_4", 915.35, 1443.7, "B", "DIP", "$3N39869", "", "C", 60, 60, 36, 270],
		[249, "PS1_5", 915.35, 1543.7, "T", "DIP", "$3N39858", "", "C", 60, 60, 36, 270],
		[250, "PS1_5", 915.35, 1543.7, "B", "DIP", "$3N39858", "", "C", 60, 60, 36, 270],
		[251, "PS1_6", 915.35, 1643.7, "T", "DIP", "PS1_6", "", "C", 60, 60, 36, 270],
		[252, "PS1_6", 915.35, 1643.7, "B", "DIP", "PS1_6", "", "C", 60, 60, 36, 270],
		[253, "R1_1", -305.12, 920.41, "T", "SMD", "M1_ENCA_IN", "", "R", 31.75, 34.02, 0, 270],
		[254, "R1_2", -305.12, 861.09, "T", "SMD", "M1_ENCA", "", "R", 31.75, 34.02, 0, 270],
		[255, "R2_1", -403.54, 708.53, "T", "SMD", "M1_ENCB_IN", "", "R", 31.75, 34.02, 0, 90],
		[256, "R2_2", -403.54, 767.85, "T", "SMD", "M1_ENCB", "", "R", 31.75, 34.02, 0, 90],
		[257, "R3_1", -354.33, 861.09, "T", "SMD", "M1_ENCA", "", "R", 31.75, 34.02, 0, 90],
		[258, "R3_2", -354.33, 920.41, "T", "SMD", "GND", "GND", "R", 31.75, 34.02, 0, 90],
		[259, "R4_1", -452.76, 767.85, "T", "SMD", "M1_ENCB", "", "R", 31.75, 34.02, 0, 270],
		[260, "R4_2", -452.76, 708.53, "T", "SMD", "GND", "GND", "R", 31.75, 34.02, 0, 270],
		[261, "R5_1", -875.98, 1466.4, "T", "SMD", "GND", "GND", "R", 31.75, 34.02, 0, 90],
		[262, "R5_2", -875.98, 1525.72, "T", "SMD", "$1N104745", "", "R", 31.75, 34.02, 0, 90],
		[263, "R6_1", -531.5, 1365.16, "T", "SMD", "+3.3V", "", "R", 22.27, 21.26, 0, 90],
		[264, "R6_2", -531.5, 1399.24, "T", "SMD", "TX_REMOTE", "", "R", 22.27, 21.26, 0, 90],
		[265, "R7_1", -570.87, 1365.16, "T", "SMD", "$1N74186", "", "R", 22.27, 21.26, 0, 90],
		[266, "R7_2", -570.87, 1399.24, "T", "SMD", "TX_REMOTE", "", "R", 22.27, 21.26, 0, 90],
		[267, "R8_1", -607.59, 1438.5, "T", "SMD", "$1N74185", "", "R", 22.27, 21.26, 0, 0],
		[268, "R8_2", -573.51, 1438.5, "T", "SMD", "RX_REMOTE", "", "R", 22.27, 21.26, 0, 0],
		[269, "R9_1", -669.29, 1525.72, "T", "SMD", "$1N104749", "", "R", 31.75, 34.02, 0, 270],
		[270, "R9_2", -669.29, 1466.4, "T", "SMD", "GND", "GND", "R", 31.75, 34.02, 0, 270],
		[271, "R10_1", -403.54, 920.41, "T", "SMD", "M2_ENCA_IN", "", "R", 31.75, 34.02, 0, 270],
		[272, "R10_2", -403.54, 861.09, "T", "SMD", "M2_ENCA", "", "R", 31.75, 34.02, 0, 270],
		[273, "R11_1", -305.12, 708.53, "T", "SMD", "M2_ENCB_IN", "", "R", 31.75, 34.02, 0, 90],
		[274, "R11_2", -305.12, 767.85, "T", "SMD", "M2_ENCB", "", "R", 31.75, 34.02, 0, 90],
		[275, "R12_1", 719.4, 1701.02, "T", "SMD", "$1N106286", "", "R", 31.75, 34.02, 0, 270],
		[276, "R12_2", 719.4, 1641.7, "T", "SMD", "GND", "GND", "R", 31.75, 34.02, 0, 270],
		[277, "R13_1", -452.76, 861.09, "T", "SMD", "M2_ENCA", "", "R", 31.75, 34.02, 0, 90],
		[278, "R13_2", -452.76, 920.41, "T", "SMD", "GND", "GND", "R", 31.75, 34.02, 0, 90],
		[279, "R14_1", -354.33, 767.85, "T", "SMD", "M2_ENCB", "", "R", 31.75, 34.02, 0, 270],
		[280, "R14_2", -354.33, 708.53, "T", "SMD", "GND", "GND", "R", 31.75, 34.02, 0, 270],
		[281, "R17_1", -486.4, 1300.72, "T", "SMD", "$3N2384", "", "R", 22.27, 21.26, 0, 90],
		[282, "R17_2", -486.4, 1334.8, "T", "SMD", "VBAT", "", "R", 22.27, 21.26, 0, 90],
		[283, "R18_1", 327.45, 1407.48, "T", "SMD", "GND", "GND", "R", 22.27, 21.26, 0, 0],
		[284, "R18_2", 361.53, 1407.48, "T", "SMD", "$3N39858", "", "R", 22.27, 21.26, 0, 0],
		[285, "R31_1", 321.82, 1121.92, "T", "SMD", "GND", "GND", "R", 31.75, 34.02, 0, 90],
		[286, "R31_2", 321.82, 1181.24, "T", "SMD", "$3N40420", "", "R", 31.75, 34.02, 0, 90],
		[287, "R32_1", 374.02, 1102.23, "T", "SMD", "GND", "GND", "R", 31.75, 34.02, 0, 90],
		[288, "R32_2", 374.02, 1161.55, "T", "SMD", "$3N40219", "", "R", 31.75, 34.02, 0, 90],
		[289, "R35_1", -550.97, 1682.94, "T", "SMD", "LED", "", "R", 31.75, 34.02, 0, 90],
		[290, "R35_2", -550.97, 1742.26, "T", "SMD", "$1N106279", "", "R", 31.75, 34.02, 0, 90],
		[291, "R40_1", -376.29, 979.33, "T", "SMD", "$1N173382", "", "R", 22.27, 21.26, 0, 0],
		[292, "R40_2", -342.21, 979.33, "T", "SMD", "SDA", "", "R", 22.27, 21.26, 0, 0],
		[293, "R41_1", -459.95, 979.33, "T", "SMD", "SCL", "", "R", 22.27, 21.26, 0, 0],
		[294, "R41_2", -425.87, 979.33, "T", "SMD", "$1N173382", "", "R", 22.27, 21.26, 0, 0],
		[295, "RA_TMC_1", -272.05, 480.32, "T", "DIP", "M1_ENA", "", "C", 60, 60, 35.43, 270],
		[296, "RA_TMC_1", -272.05, 480.32, "B", "DIP", "M1_ENA", "", "C", 60, 60, 35.43, 270],
		[297, "RA_TMC_2", -372.05, 480.31, "T", "DIP", "MOSI", "", "C", 60, 60, 35.43, 270],
		[298, "RA_TMC_2", -372.05, 480.31, "B", "DIP", "MOSI", "", "C", 60, 60, 35.43, 270],
		[299, "RA_TMC_3", -472.05, 480.31, "T", "DIP", "SCK", "", "C", 60, 60, 35.43, 270],
		[300, "RA_TMC_3", -472.05, 480.31, "B", "DIP", "SCK", "", "C", 60, 60, 35.43, 270],
		[301, "RA_TMC_4", -572.05, 480.31, "T", "DIP", "M1_CS", "", "C", 60, 60, 35.43, 270],
		[302, "RA_TMC_4", -572.05, 480.31, "B", "DIP", "M1_CS", "", "C", 60, 60, 35.43, 270],
		[303, "RA_TMC_5", -672.05, 480.31, "T", "DIP", "MISO", "", "C", 60, 60, 35.43, 270],
		[304, "RA_TMC_5", -672.05, 480.31, "B", "DIP", "MISO", "", "C", 60, 60, 35.43, 270],
		[305, "RA_TMC_6", -772.05, 480.31, "T", "DIP", "M1_M4", "", "C", 60, 60, 35.43, 270],
		[306, "RA_TMC_6", -772.05, 480.31, "B", "DIP", "M1_M4", "", "C", 60, 60, 35.43, 270],
		[307, "RA_TMC_7", -872.05, 480.31, "T", "DIP", "M1_STEP", "", "C", 60, 60, 35.43, 270],
		[308, "RA_TMC_7", -872.05, 480.31, "B", "DIP", "M1_STEP", "", "C", 60, 60, 35.43, 270],
		[309, "RA_TMC_8", -972.05, 480.31, "T", "DIP", "M1_DIR", "", "C", 60, 60, 35.43, 270],
		[310, "RA_TMC_8", -972.05, 480.31, "B", "DIP", "M1_DIR", "", "C", 60, 60, 35.43, 270],
		[311, "RA_TMC_9", -972.05, -19.69, "T", "DIP", "GND", "GND", "C", 60, 60, 35.43, 270],
		[312, "RA_TMC_9", -972.05, -19.69, "B", "DIP", "GND", "GND", "C", 60, 60, 35.43, 270],
		[313, "RA_TMC_10", -872.05, -19.68, "T", "DIP", "+3.3V", "", "C", 60, 60, 35.43, 270],
		[314, "RA_TMC_10", -872.05, -19.68, "B", "DIP", "+3.3V", "", "C", 60, 60, 35.43, 270],
		[315, "RA_TMC_11", -772.05, -19.68, "T", "DIP", "M1_BMA2", "", "C", 60, 60, 35.43, 270],
		[316, "RA_TMC_11", -772.05, -19.68, "B", "DIP", "M1_BMA2", "", "C", 60, 60, 35.43, 270],
		[317, "RA_TMC_12", -672.05, -19.68, "T", "DIP", "M1_BMA1", "", "C", 60, 60, 35.43, 270],
		[318, "RA_TMC_12", -672.05, -19.68, "B", "DIP", "M1_BMA1", "", "C", 60, 60, 35.43, 270],
		[319, "RA_TMC_13", -572.05, -19.69, "T", "DIP", "M1_BMB1", "", "C", 60, 60, 35.43, 270],
		[320, "RA_TMC_13", -572.05, -19.69, "B", "DIP", "M1_BMB1", "", "C", 60, 60, 35.43, 270],
		[321, "RA_TMC_14", -472.05, -19.69, "T", "DIP", "M1_BMB2", "", "C", 60, 60, 35.43, 270],
		[322, "RA_TMC_14", -472.05, -19.69, "B", "DIP", "M1_BMB2", "", "C", 60, 60, 35.43, 270],
		[323, "RA_TMC_15", -372.05, -19.69, "T", "DIP", "GND", "GND", "C", 60, 60, 35.43, 270],
		[324, "RA_TMC_15", -372.05, -19.69, "B", "DIP", "GND", "GND", "C", 60, 60, 35.43, 270],
		[325, "RA_TMC_16", -272.05, -19.68, "T", "DIP", "VCC", "", "C", 60, 60, 35.43, 270],
		[326, "RA_TMC_16", -272.05, -19.68, "B", "DIP", "VCC", "", "C", 60, 60, 35.43, 270],
		[327, "U1_1", -936.03, 620.08, "T", "SMD", "GND", "GND", "P", 61.02, 11.81, 0, 270],
		[328, "U1_1", -905.51, 576.77, "T", "SMD", "GND", "GND", "P", 108.27, 47.24, 0, 270],
		[329, "U1_2", -638.78, 629.92, "T", "SMD", "+3.3V", "", "P", 61.02, 11.82, 0, 270],
		[330, "U1_3", -936.03, 639.76, "T", "SMD", "D+", "", "P", 61.02, 11.81, 0, 270],
		[331, "U1_4", -638.78, 649.61, "T", "SMD", "U1_4", "", "P", 61.02, 11.81, 0, 270],
		[332, "U1_5", -936.03, 659.45, "T", "SMD", "D-", "", "P", 61.02, 11.81, 0, 270],
		[333, "U1_6", -638.78, 669.29, "T", "SMD", "U1_6", "", "P", 61.02, 11.82, 0, 270],
		[334, "U1_7", -936.03, 679.13, "T", "SMD", "GND", "GND", "P", 61.02, 11.81, 0, 270],
		[335, "U1_8", -638.78, 688.98, "T", "SMD", "U1_8", "", "P", 61.02, 11.81, 0, 270],
		[336, "U1_9", -936.03, 698.82, "T", "SMD", "VUSB_IN", "", "P", 61.02, 11.81, 0, 270],
		[337, "U1_10", -638.78, 708.66, "T", "SMD", "M1_ENCX", "", "P", 61.02, 11.82, 0, 270],
		[338, "U1_11", -936.03, 718.5, "T", "SMD", "U1_11", "", "P", 61.02, 11.81, 0, 270],
		[339, "U1_12", -638.78, 728.34, "T", "SMD", "SDA", "", "P", 61.02, 11.81, 0, 270],
		[340, "U1_13", -936.03, 738.19, "T", "SMD", "U1_13", "", "P", 61.02, 11.81, 0, 270],
		[341, "U1_14", -638.78, 748.03, "T", "SMD", "SCL", "", "P", 61.02, 11.82, 0, 270],
		[342, "U1_15", -936.03, 757.87, "T", "SMD", "U1_15", "", "P", 61.02, 11.81, 0, 270],
		[343, "U1_16", -638.78, 767.71, "T", "SMD", "U1_16", "", "P", 61.02, 11.81, 0, 270],
		[344, "U1_17", -936.03, 777.56, "T", "SMD", "$1N74186", "", "P", 61.02, 11.81, 0, 270],
		[345, "U1_18", -638.78, 787.4, "T", "SMD", "PPS", "", "P", 61.02, 11.82, 0, 270],
		[346, "U1_19", -936.03, 797.24, "T", "SMD", "$1N74185", "", "P", 61.02, 11.81, 0, 270],
		[347, "U1_20", -638.78, 807.09, "T", "SMD", "RX_GPS", "", "P", 61.02, 11.81, 0, 270],
		[348, "U1_21", -936.03, 816.93, "T", "SMD", "U1_21", "", "P", 61.02, 11.81, 0, 270],
		[349, "U1_22", -638.78, 826.77, "T", "SMD", "TX_GPS", "", "P", 61.02, 11.82, 0, 270],
		[350, "U1_23", -936.03, 836.61, "T", "SMD", "U1_23", "", "P", 61.02, 11.81, 0, 270],
		[351, "U1_32", -638.78, 925.19, "T", "SMD", "M2_ENCX", "", "P", 61.02, 11.81, 0, 270],
		[352, "U1_33", -936.03, 935.04, "T", "SMD", "GND", "GND", "P", 61.02, 11.81, 0, 270],
		[353, "U1_34", -638.78, 944.88, "T", "SMD", "U1_34", "", "P", 61.02, 11.82, 0, 270],
		[354, "U1_35", -936.03, 954.72, "T", "SMD", "U1_35", "", "P", 61.02, 11.81, 0, 270],
		[355, "U1_36", -638.78, 964.56, "T", "SMD", "GND", "GND", "P", 61.02, 11.81, 0, 270],
		[356, "U1_37", -936.03, 974.41, "T", "SMD", "U1_37", "", "P", 61.02, 11.81, 0, 270],
		[357, "U1_38", -638.78, 984.25, "T", "SMD", "U1_38", "", "P", 61.02, 11.82, 0, 270],
		[358, "U1_39", -936.03, 994.09, "T", "SMD", "GND", "GND", "P", 61.02, 11.81, 0, 270],
		[359, "U1_40", -638.78, 1003.94, "T", "SMD", "M2_STEP", "", "P", 61.02, 11.81, 0, 270],
		[360, "U1_41", -936.03, 1013.78, "T", "SMD", "M1_ENCB", "", "P", 61.02, 11.81, 0, 270],
		[361, "U1_42", -638.78, 1023.62, "T", "SMD", "M2_DIR", "", "P", 61.02, 11.82, 0, 270],
		[362, "U1_43", -936.03, 1033.46, "T", "SMD", "M2_ENCB", "", "P", 61.02, 11.81, 0, 270],
		[363, "U1_44", -638.78, 1043.31, "T", "SMD", "M2_ENA", "", "P", 61.02, 11.81, 0, 270],
		[364, "U1_45", -936.03, 1053.15, "T", "SMD", "GND", "GND", "P", 61.02, 11.81, 0, 270],
		[365, "U1_46", -638.78, 1062.99, "T", "SMD", "M2_CS", "", "P", 61.02, 11.82, 0, 270],
		[366, "U1_47", -936.03, 1072.83, "T", "SMD", "M1_ENCA", "", "P", 61.02, 11.81, 0, 270],
		[367, "U1_48", -638.78, 1082.67, "T", "SMD", "U1_48", "", "P", 61.02, 11.81, 0, 270],
		[368, "U1_49", -936.03, 1092.52, "T", "SMD", "M1_STEP", "", "P", 61.02, 11.81, 0, 270],
		[369, "U1_50", -638.78, 1102.36, "T", "SMD", "U1_50", "", "P", 61.02, 11.82, 0, 270],
		[370, "U1_51", -936.03, 1112.2, "T", "SMD", "M1_DIR", "", "P", 61.02, 11.81, 0, 270],
		[371, "U1_52", -638.78, 1122.04, "T", "SMD", "U1_52", "", "P", 61.02, 11.81, 0, 270],
		[372, "U1_53", -936.03, 1131.89, "T", "SMD", "M1_ENA", "", "P", 61.02, 11.81, 0, 270],
		[373, "U1_54", -638.78, 1141.73, "T", "SMD", "TX_DEBUG", "", "P", 61.02, 11.82, 0, 270],
		[374, "U1_55", -936.03, 1151.57, "T", "SMD", "M1_CS", "", "P", 61.02, 11.81, 0, 270],
		[375, "U1_56", -638.78, 1161.41, "T", "SMD", "RX_DEBUG", "", "P", 61.02, 11.81, 0, 270],
		[376, "U1_57", -936.03, 1171.26, "T", "SMD", "SCK", "", "P", 61.02, 11.81, 0, 270],
		[377, "U1_58", -638.78, 1181.1, "T", "SMD", "RST_ESP", "", "P", 61.02, 11.82, 0, 270],
		[378, "U1_59", -936.03, 1190.94, "T", "SMD", "MOSI", "", "P", 61.02, 11.81, 0, 270],
		[379, "U1_60", -638.78, 1200.79, "T", "SMD", "PRG_ESP", "", "P", 61.02, 11.81, 0, 270],
		[380, "U1_61", -936.03, 1210.63, "T", "SMD", "MISO", "", "P", 61.02, 11.81, 0, 270],
		[381, "U1_62", -638.78, 1220.47, "T", "SMD", "LED", "", "P", 61.02, 11.82, 0, 270],
		[382, "U1_63", -936.03, 1230.31, "T", "SMD", "M2_ENCA", "", "P", 61.02, 11.81, 0, 270],
		[383, "U1_64", -638.78, 1240.16, "T", "SMD", "U1_64", "", "P", 61.02, 11.81, 0, 270],
		[384, "U1_65", -936.03, 1250, "T", "SMD", "M1_M4", "", "P", 61.02, 11.81, 0, 270],
		[385, "U1_66", -638.78, 1259.84, "T", "SMD", "U1_66", "", "P", 61.02, 11.82, 0, 270],
		[386, "U1_67", -936.03, 1269.68, "T", "SMD", "M2_M4", "", "P", 61.02, 11.81, 0, 270],
		[387, "U1_68", -638.78, 1279.52, "T", "SMD", "U1_68", "", "P", 61.02, 11.81, 0, 270],
		[388, "U1_69", -936.03, 1289.37, "T", "SMD", "U1_69", "", "P", 61.02, 11.81, 0, 270],
		[389, "U1_70", -638.78, 1299.21, "T", "SMD", "U1_70", "", "P", 61.02, 11.82, 0, 270],
		[390, "U1_71", -936.03, 1309.05, "T", "SMD", "U1_71", "", "P", 61.02, 11.81, 0, 270],
		[391, "U1_72", -638.78, 1318.89, "T", "SMD", "VBAT", "", "P", 61.02, 11.81, 0, 270],
		[392, "U1_73", -936.03, 1328.74, "T", "SMD", "U1_73", "", "P", 61.02, 11.81, 0, 270],
		[393, "U1_74", -638.78, 1338.58, "T", "SMD", "+3.3V", "", "P", 61.02, 11.82, 0, 270],
		[394, "U1_75", -905.51, 1391.73, "T", "SMD", "GND", "GND", "P", 108.27, 47.24, 0, 270],
		[395, "U1_75", -936.03, 1348.42, "T", "SMD", "GND", "GND", "P", 61.02, 11.81, 0, 270],
		[396, "U3_1", 190.94, 1007.87, "T", "SMD", "GND", "GND", "P", 70.87, 31.5, 0, 180],
		[397, "U3_2", 190.94, 1051.18, "T", "SMD", "RX_GPS", "", "P", 70.87, 31.5, 0, 180],
		[398, "U3_3", 190.94, 1094.48, "T", "SMD", "TX_GPS", "", "P", 70.87, 31.5, 0, 180],
		[399, "U3_4", 190.94, 1137.79, "T", "SMD", "PPS", "", "P", 70.87, 31.5, 0, 180],
		[400, "U3_5", 190.94, 1181.1, "T", "SMD", "U3_5", "", "P", 70.87, 31.5, 0, 180],
		[401, "U3_6", 190.94, 1224.4, "T", "SMD", "VBAT", "", "P", 70.87, 31.5, 0, 180],
		[402, "U3_7", 190.94, 1267.71, "T", "SMD", "U3_7", "", "P", 70.87, 31.5, 0, 180],
		[403, "U3_8", 190.94, 1311.02, "T", "SMD", "+3.3V", "", "P", 70.87, 31.5, 0, 180],
		[404, "U3_9", 190.95, 1354.33, "T", "SMD", "U3_9", "", "P", 70.87, 31.5, 0, 180],
		[405, "U3_10", -190.94, 1354.33, "T", "SMD", "GND", "GND", "P", 70.87, 31.5, 0, 180],
		[406, "U3_11", -190.94, 1311.02, "T", "SMD", "$1N143386", "", "P", 70.87, 31.5, 0, 180],
		[407, "U3_12", -190.94, 1267.71, "T", "SMD", "GND", "GND", "P", 70.87, 31.5, 0, 180],
		[408, "U3_13", -190.94, 1224.4, "T", "SMD", "U3_13", "", "P", 70.87, 31.5, 0, 180],
		[409, "U3_14", -190.94, 1181.1, "T", "SMD", "$1N92540", "", "P", 70.87, 31.5, 0, 180],
		[410, "U3_15", -190.94, 1137.79, "T", "SMD", "U3_15", "", "P", 70.87, 31.5, 0, 180],
		[411, "U3_16", -190.94, 1094.48, "T", "SMD", "SDAG", "", "P", 70.87, 31.5, 0, 180],
		[412, "U3_17", -190.94, 1051.18, "T", "SMD", "SCLG", "", "P", 70.87, 31.5, 0, 180],
		[413, "U3_18", -190.95, 1007.87, "T", "SMD", "U3_18", "", "P", 70.87, 31.5, 0, 180],
		[414, "U7_1", 648.28, 1248.03, "T", "SMD", "+5V", "", "R", 21.65, 43.31, 0, 270],
		[415, "U7_2", 648.28, 1210.63, "T", "SMD", "VCC", "", "R", 21.65, 43.31, 0, 270],
		[416, "U7_3", 648.28, 1173.23, "T", "SMD", "VCC", "", "R", 21.65, 43.31, 0, 270],
		[417, "U7_4", 754.57, 1173.23, "T", "SMD", "GND", "GND", "R", 21.65, 43.31, 0, 270],
		[418, "U7_5", 754.57, 1210.63, "T", "SMD", "$3N2780", "", "R", 21.65, 43.31, 0, 270],
		[419, "U7_6", 754.57, 1248.03, "T", "SMD", "$3N23825", "", "R", 21.65, 43.31, 0, 270],
		[420, "U8_1", 441.93, 1374.01, "T", "SMD", "$3N39869", "", "R", 53.15, 23.62, 0, 0],
		[421, "U8_1", 461.63, 1374.01, "T", "SMD", "$3N39869", "", "R", 13.78, 23.62, 0, 0],
		[422, "U8_2", 441.95, 1374.01, "T", "SMD", "$3N39869", "", "R", 13.78, 23.62, 0, 0],
		[423, "U8_3", 422.26, 1374.01, "T", "SMD", "$3N39869", "", "R", 13.78, 23.62, 0, 0],
		[424, "U8_4", 400.61, 1374.01, "T", "SMD", "$3N39858", "", "R", 13.78, 23.62, 0, 0],
		[425, "U8_5", 380.89, 1374.01, "T", "SMD", "U8_5", "", "R", 13.78, 23.62, 0, 0],
		[426, "U8_6", 361.21, 1374.01, "T", "SMD", "GND", "GND", "R", 13.78, 23.62, 0, 0],
		[427, "U8_7", 325.78, 1338.58, "T", "SMD", "$3N39977", "", "R", 13.78, 23.62, 0, 90],
		[428, "U8_8", 325.78, 1318.89, "T", "SMD", "U8_8", "", "R", 13.78, 23.62, 0, 90],
		[429, "U8_9", 325.78, 1299.21, "T", "SMD", "U8_9", "", "R", 13.78, 23.62, 0, 90],
		[430, "U8_10", 325.78, 1279.52, "T", "SMD", "U8_10", "", "R", 13.78, 23.62, 0, 90],
		[431, "U8_11", 325.78, 1259.84, "T", "SMD", "U8_11", "", "R", 13.78, 23.62, 0, 90],
		[432, "U8_12", 361.21, 1224.41, "T", "SMD", "$3N40264", "", "R", 13.78, 23.62, 0, 180],
		[433, "U8_13", 380.89, 1224.41, "T", "SMD", "$3N40420", "", "R", 13.78, 23.62, 0, 180],
		[434, "U8_14", 400.61, 1224.41, "T", "SMD", "$3N40219", "", "R", 13.78, 23.62, 0, 180],
		[435, "U8_15", 422.26, 1224.41, "T", "SMD", "VCC", "", "R", 13.78, 23.62, 0, 0],
		[436, "U8_16", 441.95, 1224.41, "T", "SMD", "VCC", "", "R", 13.78, 23.62, 0, 0],
		[437, "U8_17", 441.9, 1224.41, "T", "SMD", "VCC", "", "R", 53.15, 23.62, 0, 0],
		[438, "U8_17", 461.63, 1224.41, "T", "SMD", "VCC", "", "R", 13.78, 23.62, 0, 0],
		[439, "U8_18", 408.45, 1299.21, "T", "SMD", "U8_18", "", "R", 117.13, 102.36, 0, 0],
		[440, "U9_1", 654.18, 1120.08, "T", "SMD", "+3.3V", "", "R", 21.65, 43.31, 0, 90],
		[441, "U9_2", 654.18, 1082.68, "T", "SMD", "VCC", "", "R", 21.65, 43.31, 0, 90],
		[442, "U9_3", 654.18, 1045.28, "T", "SMD", "VCC", "", "R", 21.65, 43.31, 0, 90],
		[443, "U9_4", 748.66, 1045.28, "T", "SMD", "GND", "GND", "R", 21.65, 43.31, 0, 90],
		[444, "U9_5", 748.66, 1082.68, "T", "SMD", "$3N44061", "", "R", 21.65, 43.31, 0, 90],
		[445, "U9_6", 748.66, 1120.08, "T", "SMD", "$3N44065", "", "R", 21.65, 43.31, 0, 90],
		[446, "U11_1", -508.58, 1182.28, "T", "SMD", "GND", "GND", "O", 22.6, 59.06, 0, 270],
		[447, "U11_2", -508.58, 1132.28, "T", "SMD", "GND", "GND", "O", 22.6, 59.06, 0, 270],
		[448, "U11_3", -508.58, 1082.28, "T", "SMD", "GND", "GND", "O", 22.6, 59.06, 0, 270],
		[449, "U11_4", -508.58, 1032.28, "T", "SMD", "U11_4", "", "O", 22.6, 59.06, 0, 270],
		[450, "U11_5", -298.5, 1032.28, "T", "SMD", "SDA", "", "O", 22.6, 59.06, 0, 270],
		[451, "U11_6", -298.5, 1082.28, "T", "SMD", "SCL", "", "O", 22.6, 59.06, 0, 270],
		[452, "U11_7", -298.5, 1132.28, "T", "SMD", "U11_7", "", "O", 22.6, 59.06, 0, 270],
		[453, "U11_8", -298.5, 1182.28, "T", "SMD", "$1N173382", "", "O", 22.6, 59.06, 0, 270],
		[454, "U13_1", 97.64, -286.22, "T", "DIP", "GND", "GND", "C", 70.87, 70.87, 39.37, 0],
		[455, "U13_1", 97.64, -286.22, "B", "DIP", "GND", "GND", "C", 70.87, 70.87, 39.37, 0],
		[456, "U13_2", 97.64, -186.22, "T", "DIP", "D+", "", "C", 70.87, 70.87, 39.37, 0],
		[457, "U13_2", 97.64, -186.22, "B", "DIP", "D+", "", "C", 70.87, 70.87, 39.37, 0],
		[458, "U13_3", 197.64, -286.22, "T", "DIP", "VUSB_IN", "", "C", 70.87, 70.87, 39.37, 0],
		[459, "U13_3", 197.64, -286.22, "B", "DIP", "VUSB_IN", "", "C", 70.87, 70.87, 39.37, 0],
		[460, "U13_4", 197.64, -186.22, "T", "DIP", "D-", "", "C", 70.87, 70.87, 39.37, 0],
		[461, "U13_4", 197.64, -186.22, "B", "DIP", "D-", "", "C", 70.87, 70.87, 39.37, 0]
	]
}
}