{
"lengthUnit": "mil",
"components": {
	"fields": ["COMPONENT_NO", "COMPONENT_NAME", "LAYER", "X_COORDINATE", "Y_COORDINATE", "ANGLE"],
	"rows": [
		[1, "CN2", "T", 275.59, -1732.28, 0],
		[2, "DC1", "T", -177.17, -1559.06, 90],
		[3, "H1", "B", 0, -1161.42, 270],
		[4, "R5", "T", -19.68, -1397.64, 0],
		[5, "R9", "T", 118.11, -1397.64, 0]
	]
},
"pins": {
	"fields": ["PIN_NO", "PIN_NAME", "PIN_X", "PIN_Y", "LAYER", "PIN_TYPE", "NET_NAME", "NET_TYPE", "PAD_SHAPE", "PAD_SIZEX", "PAD_SIZEY", "HOLE_SIZE", "PAD_ANGLE"],
	"rows": [
		[1, "CN2_0", 445.67, -1635.83, "T", "DIP", "GND", "GND", "O", 39.37, 82.68, 62.99, 0],
		[2, "CN2_0", 445.67, -1635.83, "B", "DIP", "GND", "GND", "O", 39.37, 82.68, 62.99, 0],
		[3, "CN2_0", 105.51, -1635.83, "T", "DIP", "GND", "GND", "O", 39.37, 82.68, 62.99, 0],
		[4, "CN2_0", 105.51, -1635.83, "B", "DIP", "GND", "GND", "O", 39.37, 82.68, 62.99, 0],
		[5, "CN2_0", 105.51, -1846.85, "T", "DIP", "GND", "GND", "O", 39.37, 102.36, 82.68, 0],
		[6, "CN2_0", 105.51, -1846.85, "B", "DIP", "GND", "GND", "O", 39.37, 102.36, 82.68, 0],
		[7, "CN2_0", 445.67, -1846.85, "T", "DIP", "GND", "GND", "O", 39.37, 102.36, 82.68, 0],
		[8, "CN2_0", 445.67, -1846.85, "B", "DIP", "GND", "GND", "O", 39.37, 102.36, 82.68, 0],
		[9, "CN2_A1", 157.48, -1617.72, "T", "SMD", "GND", "GND", "R", 11.81, 31.5, 0, 0],
		[10, "CN2_A10", 354.33, -1617.72, "T", "SMD", "CN2_A10", "", "R", 11.81, 31.5, 0, 0],
		[11, "CN2_A11", 374.02, -1617.72, "T", "SMD", "CN2_A11", "", "R", 11.81, 31.5, 0, 0],
		[12, "CN2_A12", 393.7, -1617.72, "T", "SMD", "GND", "GND", "R", 11.81, 31.5, 0, 0],
		[13, "CN2_A2", 177.17, -1617.72, "T", "SMD", "CN2_A2", "", "R", 11.81, 31.5, 0, 0],
		[14, "CN2_A3", 196.85, -1617.72, "T", "SMD", "CN2_A3", "", "R", 11.81, 31.5, 0, 0],
		[15, "CN2_A4", 216.54, -1617.72, "T", "SMD", "VUSB_IN", "", "R", 11.81, 31.5, 0, 0],
		[16, "CN2_A5", 236.22, -1617.72, "T", "SMD", "$1N1655", "", "R", 11.81, 31.5, 0, 0],
		[17, "CN2_A6", 255.91, -1617.72, "T", "SMD", "D+", "", "R", 11.81, 31.5, 0, 0],
		[18, "CN2_A7", 295.28, -1617.72, "T", "SMD", "D-", "", "R", 11.81, 31.5, 0, 0],
		[19, "CN2_A8", 314.96, -1617.72, "T", "SMD", "CN2_A8", "", "R", 11.81, 31.5, 0, 0],
		[20, "CN2_A9", 334.65, -1617.72, "T", "SMD", "VUSB_IN", "", "R", 11.81, 31.5, 0, 0],
		[21, "CN2_B1", 397.64, -1670.87, "T", "SMD", "GND", "GND", "R", 39.37, 27.56, 0, 0],
		[22, "CN2_B10", 206.69, -1670.87, "T", "SMD", "CN2_B10", "", "R", 11.81, 27.56, 0, 0],
		[23, "CN2_B11", 187.01, -1670.87, "T", "SMD", "CN2_B11", "", "R", 11.81, 27.56, 0, 0],
		[24, "CN2_B12", 153.54, -1670.87, "T", "SMD", "GND", "GND", "P", 39.37, 27.56, 0, 0],
		[25, "CN2_B2", 364.17, -1670.87, "T", "SMD", "CN2_B2", "", "R", 11.81, 27.56, 0, 0],
		[26, "CN2_B3", 344.49, -1670.87, "T", "SMD", "CN2_B3", "", "R", 11.81, 27.56, 0, 0],
		[27, "CN2_B4", 324.8, -1670.87, "T", "SMD", "VUSB_IN", "", "R", 11.81, 27.56, 0, 0],
		[28, "CN2_B5", 305.12, -1670.87, "T", "SMD", "$1N1653", "", "R", 11.81, 27.56, 0, 0],
		[29, "CN2_B6", 285.43, -1670.87, "T", "SMD", "D+", "", "R", 11.81, 27.56, 0, 0],
		[30, "CN2_B7", 265.75, -1670.87, "T", "SMD", "D-", "", "R", 11.81, 27.56, 0, 0],
		[31, "CN2_B8", 246.06, -1670.87, "T", "SMD", "CN2_B8", "", "R", 11.81, 27.56, 0, 0],
		[32, "CN2_B9", 226.38, -1670.87, "T", "SMD", "VUSB_IN", "", "R", 11.81, 27.56, 0, 0],
		[33, "DC1_1", -269.75, -1440.95, "T", "DIP", "$1N564", "", "O", 165.35, 70.87, 137.79, 180],
		[34, "DC1_1", -269.75, -1440.95, "B", "DIP", "$1N564", "", "O", 165.35, 70.87, 137.79, 180],
		[35, "DC1_2", -269.75, -1677.17, "T", "DIP", "GND", "GND", "O", 157.48, 70.87, 129.92, 0],
		[36, "DC1_2", -269.75, -1677.17, "B", "DIP", "GND", "GND", "O", 157.48, 70.87, 129.92, 0],
		[37, "DC1_3", -84.58, -1559.07, "T", "DIP", "DC1_3", "", "O", 157.48, 70.87, 129.92, 90],
		[38, "DC1_3", -84.58, -1559.07, "B", "DIP", "DC1_3", "", "O", 157.48, 70.87, 129.92, 90],
		[39, "H1_1", 50, -1061.42, "T", "DIP", "GND", "GND", "R", 66.93, 66.93, 43.31, 270],
		[40, "H1_1", 50, -1061.42, "B", "DIP", "GND", "GND", "R", 66.93, 66.93, 43.31, 270],
		[41, "H1_2", -50, -1061.42, "T", "DIP", "GND", "GND", "C", 66.93, 66.93, 43.31, 270],
		[42, "H1_2", -50, -1061.42, "B", "DIP", "GND", "GND", "C", 66.93, 66.93, 43.31, 270],
		[43, "H1_3", 50, -1161.42, "T", "DIP", "D+", "", "C", 66.93, 66.93, 43.31, 270],
		[44, "H1_3", 50, -1161.42, "B", "DIP", "D+", "", "C", 66.93, 66.93, 43.31, 270],
		[45, "H1_4", -50, -1161.42, "T", "DIP", "$1N564", "", "C", 66.93, 66.93, 43.31, 270],
		[46, "H1_4", -50, -1161.42, "B", "DIP", "$1N564", "", "C", 66.93, 66.93, 43.31, 270],
		[47, "H1_5", 50, -1261.42, "T", "DIP", "VUSB_IN", "", "C", 66.93, 66.93, 43.31, 270],
		[48, "H1_5", 50, -1261.42, "B", "DIP", "VUSB_IN", "", "C", 66.93, 66.93, 43.31, 270],
		[49, "H1_6", -50, -1261.42, "T", "DIP", "D-", "", "C", 66.93, 66.93, 43.31, 270],
		[50, "H1_6", -50, -1261.42, "B", "DIP", "D-", "", "C", 66.93, 66.93, 43.31, 270],
		[51, "R5_1", -49.34, -1397.64, "T", "SMD", "GND", "GND", "R", 31.75, 34.02, 0, 0],
		[52, "R5_2", 9.98, -1397.64, "T", "SMD", "$1N1653", "", "R", 31.75, 34.02, 0, 0],
		[53, "R9_1", 88.45, -1397.64, "T", "SMD", "$1N1655", "", "R", 31.75, 34.02, 0, 0],
		[54, "R9_2", 147.77, -1397.64, "T", "SMD", "GND", "GND", "R", 31.75, 34.02, 0, 0]
	]
}
}