{
"lengthUnit": "mil",
"components": {
	"fields": ["COMPONENT_NO", "COMPONENT_NAME", "LAYER", "X_COORDINATE", "Y_COORDINATE", "ANGLE"],
	"rows": [
		[1, "H1", "B", 147.64, -236.22, 180],
		[2, "USB2", "T", 570.87, -236.22, 0]
	]
},
"pins": {
	"fields": ["PIN_NO", "PIN_NAME", "PIN_X", "PIN_Y", "LAYER", "PIN_TYPE", "NET_NAME", "NET_TYPE", "PAD_SHAPE", "PAD_SIZEX", "PAD_SIZEY", "HOLE_SIZE", "PAD_ANGLE"],
	"rows": [
		[1, "H1_1", 197.64, -286.22, "T", "DIP", "$1N563", "", "R", 66.93, 66.93, 43.31, 180],
		[2, "H1_1", 197.64, -286.22, "B", "DIP", "$1N563", "", "R", 66.93, 66.93, 43.31, 180],
		[3, "H1_2", 197.64, -186.22, "T", "DIP", "$1N559", "", "C", 66.93, 66.93, 43.31, 180],
		[4, "H1_2", 197.64, -186.22, "B", "DIP", "$1N559", "", "C", 66.93, 66.93, 43.31, 180],
		[5, "H1_3", 97.64, -286.22, "T", "DIP", "GND", "GND", "C", 66.93, 66.93, 43.31, 180],
		[6, "H1_3", 97.64, -286.22, "B", "DIP", "GND", "GND", "C", 66.93, 66.93, 43.31, 180],
		[7, "H1_4", 97.64, -186.22, "T", "DIP", "$1N537", "", "C", 66.93, 66.93, 43.31, 180],
		[8, "H1_4", 97.64, -186.22, "B", "DIP", "$1N537", "", "C", 66.93, 66.93, 43.31, 180],
		[9, "USB2_1", 520.87, -286.22, "T", "DIP", "GND", "GND", "R", 66.93, 66.93, 43.31, 0],
		[10, "USB2_1", 520.87, -286.22, "B", "DIP", "GND", "GND", "R", 66.93, 66.93, 43.31, 0],
		[11, "USB2_2", 520.87, -186.22, "T", "DIP", "$1N537", "", "C", 66.93, 66.93, 43.31, 0],
		[12, "USB2_2", 520.87, -186.22, "B", "DIP", "$1N537", "", "C", 66.93, 66.93, 43.31, 0],
		[13, "USB2_3", 620.87, -286.22, "T", "DIP", "$1N563", "", "C", 66.93, 66.93, 43.31, 0],
		[14, "USB2_3", 620.87, -286.22, "B", "DIP", "$1N563", "", "C", 66.93, 66.93, 43.31, 0],
		[15, "USB2_4", 620.87, -186.22, "T", "DIP", "$1N559", "", "C", 66.93, 66.93, 43.31, 0],
		[16, "USB2_4", 620.87, -186.22, "B", "DIP", "$1N559", "", "C", 66.93, 66.93, 43.31, 0]
	]
}
}