{
"lengthUnit": "mil",
"components": {
	"fields": ["COMPONENT_NO", "COMPONENT_NAME", "LAYER", "X_COORDINATE", "Y_COORDINATE", "ANGLE"],
	"rows": [
		[1, "C1", "T", 1013.77, 364.17, 0],
		[2, "C2", "T", 1013.77, 659.45, 0],
		[3, "C3", "T", 1013.77, 462.6, 0],
		[4, "C4", "T", 1013.77, 561.02, 0],
		[5, "C5", "T", 1013.77, 265.74, 0],
		[6, "C8", "T", 1377.95, 157.48, 0],
		[7, "C10", "T", 1014.38, 856.08, 0],
		[8, "CN1", "B", 1751.97, 1226.35, 270],
		[9, "DISPLAY1", "T", 0, 629.92, 90],
		[10, "LED1", "T", 2106.3, 1309.06, 180],
		[11, "R1", "T", 1013.77, 314.96, 0],
		[12, "R2", "T", 1013.77, 610.23, 180],
		[13, "R3", "T", 1013.77, 413.38, 180],
		[14, "R4", "T", 1013.77, 511.81, 180],
		[15, "R5", "T", 1013.77, 216.53, 180],
		[16, "R9", "T", 1013.77, 757.87, 0],
		[17, "R10", "T", 1013.77, 708.66, 180],
		[18, "R101", "T", 2234.25, 1309.06, 180],
		[19, "R102", "T", 2953.33, 1387.83, 0],
		[20, "R103", "T", 3031.5, 1387.8, 180],
		[21, "R105", "T", 2982.28, -196.85, 0],
		[22, "R106", "T", 2982.28, -88.58, 0],
		[23, "R107", "T", 2903.54, -196.85, 180],
		[24, "R108", "T", 2903.54, -88.58, 180],
		[25, "SW1", "T", 3641.73, 1122.04, 0],
		[26, "SW1B1", "T", 3641.73, 1122.04, 180],
		[27, "SW2", "T", 3149.6, 629.92, 270],
		[28, "SW2B1", "T", 3149.6, 629.92, 90],
		[29, "SW3", "T", 3641.73, 137.79, 180],
		[30, "SW3B1", "T", 3641.73, 137.79, 0],
		[31, "SW4", "T", 4133.85, 629.92, 270],
		[32, "SW4B1", "T", 4133.85, 629.92, 90],
		[33, "SW5", "T", 3641.73, 629.92, 0],
		[34, "SW5B1", "T", 3641.73, 629.92, 180],
		[35, "U1", "B", 261.41, 857.48, 180]
	]
},
"pins": {
	"fields": ["PIN_NO", "PIN_NAME", "PIN_X", "PIN_Y", "LAYER", "PIN_TYPE", "NET_NAME", "NET_TYPE", "PAD_SHAPE", "PAD_SIZEX", "PAD_SIZEY", "HOLE_SIZE", "PAD_ANGLE"],
	"rows": [
		[1, "C1_1", 1047.24, 364.17, "T", "SMD", "N", "", "R", 27.56, 35.43, 0, 0],
		[2, "C1_2", 980.3, 364.17, "T", "SMD", "GND", "GND", "R", 27.56, 35.43, 0, 0],
		[3, "C2_1", 1047.24, 659.45, "T", "SMD", "E", "", "R", 27.56, 35.43, 0, 0],
		[4, "C2_2", 980.3, 659.45, "T", "SMD", "GND", "GND", "R", 27.56, 35.43, 0, 0],
		[5, "C3_1", 1047.24, 462.6, "T", "SMD", "S", "", "R", 27.56, 35.43, 0, 0],
		[6, "C3_2", 980.3, 462.6, "T", "SMD", "GND", "GND", "R", 27.56, 35.43, 0, 0],
		[7, "C4_1", 1047.24, 561.02, "T", "SMD", "W", "", "R", 27.56, 35.43, 0, 0],
		[8, "C4_2", 980.3, 561.02, "T", "SMD", "GND", "GND", "R", 27.56, 35.43, 0, 0],
		[9, "C5_1", 1047.24, 265.74, "T", "SMD", "SHIFT", "", "R", 27.56, 35.43, 0, 0],
		[10, "C5_2", 980.3, 265.74, "T", "SMD", "GND", "GND", "R", 27.56, 35.43, 0, 0],
		[11, "C8_1", 1318.85, 157.48, "T", "SMD", "+3.3V", "", "R", 70.87, 102.36, 0, 0],
		[12, "C8_2", 1437.05, 157.48, "T", "SMD", "GND", "GND", "R", 70.87, 102.36, 0, 0],
		[13, "C10_1", 986.82, 856.08, "T", "SMD", "GND", "GND", "R", 31.5, 35.43, 0, 0],
		[14, "C10_2", 1041.94, 856.08, "T", "SMD", "RST", "", "R", 31.5, 35.43, 0, 0],
		[15, "CN1_1", 1751.97, 1051.16, "T", "DIP", "GND", "GND", "O", 55.12, 82.68, 62.99, 270],
		[16, "CN1_1", 1751.97, 1051.16, "B", "DIP", "GND", "GND", "O", 55.12, 82.68, 62.99, 270],
		[17, "CN1_2", 1639.77, 1086.59, "T", "DIP", "RX_MB", "", "O", 55.12, 82.68, 62.99, 180],
		[18, "CN1_2", 1639.77, 1086.59, "B", "DIP", "RX_MB", "", "O", 55.12, 82.68, 62.99, 180],
		[19, "CN1_3", 1625.99, 1401.55, "T", "DIP", "VCC", "", "O", 55.12, 82.68, 62.99, 0],
		[20, "CN1_3", 1625.99, 1401.55, "B", "DIP", "VCC", "", "O", 55.12, 82.68, 62.99, 0],
		[21, "CN1_3", 1877.95, 1401.55, "T", "DIP", "VCC", "", "O", 55.12, 82.68, 62.99, 0],
		[22, "CN1_3", 1877.95, 1401.55, "B", "DIP", "VCC", "", "O", 55.12, 82.68, 62.99, 0],
		[23, "CN1_4", 1864.18, 1086.59, "T", "DIP", "TX_MB", "", "O", 55.12, 82.68, 62.99, 0],
		[24, "CN1_4", 1864.18, 1086.59, "B", "DIP", "TX_MB", "", "O", 55.12, 82.68, 62.99, 0],
		[25, "DISPLAY1_1", 0, 329.92, "T", "DIP", "GND", "GND", "O", 98.42, 62.99, 39.37, 0],
		[26, "DISPLAY1_1", 0, 329.92, "B", "DIP", "GND", "GND", "O", 98.42, 62.99, 39.37, 0],
		[27, "DISPLAY1_1", -0.03, 929.95, "T", "DIP", "GND", "GND", "O", 98.42, 62.99, 39.37, 0],
		[28, "DISPLAY1_1", -0.03, 929.95, "B", "DIP", "GND", "GND", "O", 98.42, 62.99, 39.37, 0],
		[29, "DISPLAY1_1", -0.03, 829.95, "T", "DIP", "GND", "GND", "O", 98.42, 62.99, 39.37, 0],
		[30, "DISPLAY1_1", -0.03, 829.95, "B", "DIP", "GND", "GND", "O", 98.42, 62.99, 39.37, 0],
		[31, "DISPLAY1_2", 0, 429.92, "T", "DIP", "+3.3V", "", "O", 98.42, 62.99, 39.37, 0],
		[32, "DISPLAY1_2", 0, 429.92, "B", "DIP", "+3.3V", "", "O", 98.42, 62.99, 39.37, 0],
		[33, "DISPLAY1_3", 0, 529.92, "T", "DIP", "SCL", "", "O", 98.42, 62.99, 39.37, 0],
		[34, "DISPLAY1_3", 0, 529.92, "B", "DIP", "SCL", "", "O", 98.42, 62.99, 39.37, 0],
		[35, "DISPLAY1_4", 0, 629.92, "T", "DIP", "SDA", "", "O", 98.42, 62.99, 39.37, 0],
		[36, "DISPLAY1_4", 0, 629.92, "B", "DIP", "SDA", "", "O", 98.42, 62.99, 39.37, 0],
		[37, "DISPLAY1_5", 0, 729.92, "T", "DIP", "RST", "", "O", 98.42, 62.99, 39.37, 0],
		[38, "DISPLAY1_5", 0, 729.92, "B", "DIP", "RST", "", "O", 98.42, 62.99, 39.37, 0],
		[39, "LED1_1", 2137.77, 1309.19, "T", "SMD", "$1N5875", "", "R", 31.5, 31.5, 0, 270],
		[40, "LED1_2", 2074.82, 1308.92, "T", "SMD", "+3.3V", "", "R", 31.5, 31.5, 0, 270],
		[41, "R1_1", 1047.24, 314.96, "T", "SMD", "N", "", "R", 27.56, 35.43, 0, 0],
		[42, "R1_2", 980.3, 314.96, "T", "SMD", "GND", "GND", "R", 27.56, 35.43, 0, 0],
		[43, "R2_1", 980.3, 610.23, "T", "SMD", "GND", "GND", "R", 27.56, 35.43, 0, 180],
		[44, "R2_2", 1047.24, 610.23, "T", "SMD", "E", "", "R", 27.56, 35.43, 0, 180],
		[45, "R3_1", 980.3, 413.38, "T", "SMD", "GND", "GND", "R", 27.56, 35.43, 0, 180],
		[46, "R3_2", 1047.24, 413.38, "T", "SMD", "S", "", "R", 27.56, 35.43, 0, 180],
		[47, "R4_1", 980.3, 511.81, "T", "SMD", "GND", "GND", "R", 27.56, 35.43, 0, 180],
		[48, "R4_2", 1047.24, 511.81, "T", "SMD", "W", "", "R", 27.56, 35.43, 0, 180],
		[49, "R5_1", 980.3, 216.53, "T", "SMD", "GND", "GND", "R", 27.56, 35.43, 0, 180],
		[50, "R5_2", 1047.24, 216.53, "T", "SMD", "SHIFT", "", "R", 27.56, 35.43, 0, 180],
		[51, "R9_1", 1047.24, 757.87, "T", "SMD", "$1N10141", "", "R", 27.56, 35.43, 0, 0],
		[52, "R9_2", 980.3, 757.87, "T", "SMD", "+3.3V", "", "R", 27.56, 35.43, 0, 0],
		[53, "R10_1", 980.3, 708.66, "T", "SMD", "GND", "GND", "R", 27.56, 35.43, 0, 180],
		[54, "R10_2", 1047.24, 708.66, "T", "SMD", "$1N10141", "", "R", 27.56, 35.43, 0, 180],
		[55, "R101_1", 2263.91, 1309.06, "T", "SMD", "GND", "GND", "R", 31.75, 34.02, 0, 180],
		[56, "R101_2", 2204.59, 1309.06, "T", "SMD", "$1N5875", "", "R", 31.75, 34.02, 0, 180],
		[57, "R102_1", 2913.96, 1387.83, "T", "SMD", "+3.3V", "", "R", 44.59, 54.21, 0, 0],
		[58, "R102_2", 2992.7, 1387.83, "T", "SMD", "VCC", "", "R", 44.59, 54.21, 0, 0],
		[59, "R103_1", 3070.87, 1387.8, "T", "SMD", "+5V", "", "R", 44.59, 54.21, 0, 180],
		[60, "R103_2", 2992.13, 1387.8, "T", "SMD", "VCC", "", "R", 44.59, 54.21, 0, 180],
		[61, "R105_1", 2942.91, -196.85, "T", "SMD", "TX_MB", "", "R", 44.59, 54.21, 0, 0],
		[62, "R105_2", 3021.65, -196.85, "T", "SMD", "TX_SHC", "", "R", 44.59, 54.21, 0, 0],
		[63, "R106_1", 2942.91, -88.58, "T", "SMD", "RX_MB", "", "R", 44.59, 54.21, 0, 0],
		[64, "R106_2", 3021.65, -88.58, "T", "SMD", "RX_SHC", "", "R", 44.59, 54.21, 0, 0],
		[65, "R107_1", 2942.91, -196.85, "T", "SMD", "TX_MB", "", "R", 44.59, 54.21, 0, 180],
		[66, "R107_2", 2864.17, -196.85, "T", "SMD", "RX_SHC", "", "R", 44.59, 54.21, 0, 180],
		[67, "R108_1", 2942.91, -88.58, "T", "SMD", "RX_MB", "", "R", 44.59, 54.21, 0, 180],
		[68, "R108_2", 2864.17, -88.58, "T", "SMD", "TX_SHC", "", "R", 44.59, 54.21, 0, 180],
		[69, "SW1_1", 3841.73, 1272.04, "T", "DIP", "N", "", "C", 78.74, 78.74, 39.37, 0],
		[70, "SW1_1", 3841.73, 1272.04, "B", "DIP", "N", "", "C", 78.74, 78.74, 39.37, 0],
		[71, "SW1_2", 3841.73, 972.04, "T", "DIP", "+3.3V", "", "C", 78.74, 78.74, 39.37, 0],
		[72, "SW1_2", 3841.73, 972.04, "B", "DIP", "+3.3V", "", "C", 78.74, 78.74, 39.37, 0],
		[73, "SW1_3", 3441.73, 1272.04, "T", "DIP", "SW1_3", "", "C", 78.74, 78.74, 39.37, 0],
		[74, "SW1_3", 3441.73, 1272.04, "B", "DIP", "SW1_3", "", "C", 78.74, 78.74, 39.37, 0],
		[75, "SW1_4", 3441.73, 972.04, "T", "DIP", "SW1_4", "", "C", 78.74, 78.74, 39.37, 0],
		[76, "SW1_4", 3441.73, 972.04, "B", "DIP", "SW1_4", "", "C", 78.74, 78.74, 39.37, 0],
		[77, "SW1B1_1", 3771.65, 1049.2, "T", "SMD", "+3.3V", "", "R", 66.93, 39.37, 0, 180],
		[78, "SW1B1_2", 3511.81, 1049.2, "T", "SMD", "SW1B1_2", "", "R", 66.93, 39.37, 0, 180],
		[79, "SW1B1_3", 3771.65, 1194.89, "T", "SMD", "N", "", "R", 66.93, 39.37, 0, 180],
		[80, "SW1B1_4", 3511.81, 1194.89, "T", "SMD", "SW1B1_4", "", "R", 66.93, 39.37, 0, 180],
		[81, "SW2_1", 3299.6, 429.91, "T", "DIP", "E", "", "C", 78.74, 78.74, 39.37, 270],
		[82, "SW2_1", 3299.6, 429.91, "B", "DIP", "E", "", "C", 78.74, 78.74, 39.37, 270],
		[83, "SW2_2", 2999.6, 429.91, "T", "DIP", "+3.3V", "", "C", 78.74, 78.74, 39.37, 270],
		[84, "SW2_2", 2999.6, 429.91, "B", "DIP", "+3.3V", "", "C", 78.74, 78.74, 39.37, 270],
		[85, "SW2_3", 3299.6, 829.91, "T", "DIP", "SW2_3", "", "C", 78.74, 78.74, 39.37, 270],
		[86, "SW2_3", 3299.6, 829.91, "B", "DIP", "SW2_3", "", "C", 78.74, 78.74, 39.37, 270],
		[87, "SW2_4", 2999.6, 829.91, "T", "DIP", "SW2_4", "", "C", 78.74, 78.74, 39.37, 270],
		[88, "SW2_4", 2999.6, 829.91, "B", "DIP", "SW2_4", "", "C", 78.74, 78.74, 39.37, 270],
		[89, "SW2B1_1", 3076.76, 500, "T", "SMD", "+3.3V", "", "R", 66.93, 39.37, 0, 90],
		[90, "SW2B1_2", 3076.76, 759.84, "T", "SMD", "SW2B1_2", "", "R", 66.93, 39.37, 0, 90],
		[91, "SW2B1_3", 3222.44, 500, "T", "SMD", "E", "", "R", 66.93, 39.37, 0, 90],
		[92, "SW2B1_4", 3222.44, 759.84, "T", "SMD", "SW2B1_4", "", "R", 66.93, 39.37, 0, 90],
		[93, "SW3_1", 3441.72, -12.21, "T", "DIP", "S", "", "C", 78.74, 78.74, 39.37, 180],
		[94, "SW3_1", 3441.72, -12.21, "B", "DIP", "S", "", "C", 78.74, 78.74, 39.37, 180],
		[95, "SW3_2", 3441.72, 287.79, "T", "DIP", "+3.3V", "", "C", 78.74, 78.74, 39.37, 180],
		[96, "SW3_2", 3441.72, 287.79, "B", "DIP", "+3.3V", "", "C", 78.74, 78.74, 39.37, 180],
		[97, "SW3_3", 3841.72, -12.21, "T", "DIP", "SW3_3", "", "C", 78.74, 78.74, 39.37, 180],
		[98, "SW3_3", 3841.72, -12.21, "B", "DIP", "SW3_3", "", "C", 78.74, 78.74, 39.37, 180],
		[99, "SW3_4", 3841.72, 287.79, "T", "DIP", "SW3_4", "", "C", 78.74, 78.74, 39.37, 180],
		[100, "SW3_4", 3841.72, 287.79, "B", "DIP", "SW3_4", "", "C", 78.74, 78.74, 39.37, 180],
		[101, "SW3B1_1", 3511.81, 210.63, "T", "SMD", "+3.3V", "", "R", 66.93, 39.37, 0, 0],
		[102, "SW3B1_2", 3771.65, 210.63, "T", "SMD", "SW3B1_2", "", "R", 66.93, 39.37, 0, 0],
		[103, "SW3B1_3", 3511.81, 64.95, "T", "SMD", "S", "", "R", 66.93, 39.37, 0, 0],
		[104, "SW3B1_4", 3771.65, 64.95, "T", "SMD", "SW3B1_4", "", "R", 66.93, 39.37, 0, 0],
		[105, "SW4_1", 4283.85, 429.91, "T", "DIP", "W", "", "C", 78.74, 78.74, 39.37, 270],
		[106, "SW4_1", 4283.85, 429.91, "B", "DIP", "W", "", "C", 78.74, 78.74, 39.37, 270],
		[107, "SW4_2", 3983.85, 429.91, "T", "DIP", "+3.3V", "", "C", 78.74, 78.74, 39.37, 270],
		[108, "SW4_2", 3983.85, 429.91, "B", "DIP", "+3.3V", "", "C", 78.74, 78.74, 39.37, 270],
		[109, "SW4_3", 4283.85, 829.91, "T", "DIP", "SW4_3", "", "C", 78.74, 78.74, 39.37, 270],
		[110, "SW4_3", 4283.85, 829.91, "B", "DIP", "SW4_3", "", "C", 78.74, 78.74, 39.37, 270],
		[111, "SW4_4", 3983.85, 829.91, "T", "DIP", "SW4_4", "", "C", 78.74, 78.74, 39.37, 270],
		[112, "SW4_4", 3983.85, 829.91, "B", "DIP", "SW4_4", "", "C", 78.74, 78.74, 39.37, 270],
		[113, "SW4B1_1", 4061.01, 500, "T", "SMD", "+3.3V", "", "R", 66.93, 39.37, 0, 90],
		[114, "SW4B1_2", 4061.01, 759.84, "T", "SMD", "SW4B1_2", "", "R", 66.93, 39.37, 0, 90],
		[115, "SW4B1_3", 4206.7, 500, "T", "SMD", "W", "", "R", 66.93, 39.37, 0, 90],
		[116, "SW4B1_4", 4206.7, 759.84, "T", "SMD", "SW4B1_4", "", "R", 66.93, 39.37, 0, 90],
		[117, "SW5_1", 3841.73, 779.92, "T", "DIP", "SHIFT", "", "C", 78.74, 78.74, 39.37, 0],
		[118, "SW5_1", 3841.73, 779.92, "B", "DIP", "SHIFT", "", "C", 78.74, 78.74, 39.37, 0],
		[119, "SW5_2", 3841.73, 479.92, "T", "DIP", "+3.3V", "", "C", 78.74, 78.74, 39.37, 0],
		[120, "SW5_2", 3841.73, 479.92, "B", "DIP", "+3.3V", "", "C", 78.74, 78.74, 39.37, 0],
		[121, "SW5_3", 3441.73, 779.92, "T", "DIP", "SW5_3", "", "C", 78.74, 78.74, 39.37, 0],
		[122, "SW5_3", 3441.73, 779.92, "B", "DIP", "SW5_3", "", "C", 78.74, 78.74, 39.37, 0],
		[123, "SW5_4", 3441.73, 479.92, "T", "DIP", "SW5_4", "", "C", 78.74, 78.74, 39.37, 0],
		[124, "SW5_4", 3441.73, 479.92, "B", "DIP", "SW5_4", "", "C", 78.74, 78.74, 39.37, 0],
		[125, "SW5B1_1", 3771.65, 557.08, "T", "SMD", "+3.3V", "", "R", 66.93, 39.37, 0, 180],
		[126, "SW5B1_2", 3511.81, 557.07, "T", "SMD", "SW5B1_2", "", "R", 66.93, 39.37, 0, 180],
		[127, "SW5B1_3", 3771.65, 702.76, "T", "SMD", "SHIFT", "", "R", 66.93, 39.37, 0, 180],
		[128, "SW5B1_4", 3511.81, 702.76, "T", "SMD", "SW5B1_4", "", "R", 66.93, 39.37, 0, 180],
		[129, "U1_1", 1161.41, 857.48, "T", "DIP", "RST", "", "O", 98.42, 62.99, 39.37, 0],
		[130, "U1_1", 1161.41, 857.48, "B", "DIP", "RST", "", "O", 98.42, 62.99, 39.37, 0],
		[131, "U1_2", 1161.41, 757.48, "T", "DIP", "$1N10141", "", "O", 98.42, 62.99, 39.37, 0],
		[132, "U1_2", 1161.41, 757.48, "B", "DIP", "$1N10141", "", "O", 98.42, 62.99, 39.37, 0],
		[133, "U1_3", 1161.41, 657.48, "T", "DIP", "E", "", "O", 98.42, 62.99, 39.37, 0],
		[134, "U1_3", 1161.41, 657.48, "B", "DIP", "E", "", "O", 98.42, 62.99, 39.37, 0],
		[135, "U1_4", 1161.41, 557.48, "T", "DIP", "W", "", "O", 98.42, 62.99, 39.37, 0],
		[136, "U1_4", 1161.41, 557.48, "B", "DIP", "W", "", "O", 98.42, 62.99, 39.37, 0],
		[137, "U1_5", 1161.41, 457.48, "T", "DIP", "S", "", "O", 98.42, 62.99, 39.37, 0],
		[138, "U1_5", 1161.41, 457.48, "B", "DIP", "S", "", "O", 98.42, 62.99, 39.37, 0],
		[139, "U1_6", 1161.41, 357.48, "T", "DIP", "N", "", "O", 98.42, 62.99, 39.37, 0],
		[140, "U1_6", 1161.41, 357.48, "B", "DIP", "N", "", "O", 98.42, 62.99, 39.37, 0],
		[141, "U1_7", 1161.41, 257.48, "T", "DIP", "SHIFT", "", "O", 98.42, 62.99, 39.37, 0],
		[142, "U1_7", 1161.41, 257.48, "B", "DIP", "SHIFT", "", "O", 98.42, 62.99, 39.37, 0],
		[143, "U1_8", 1161.41, 157.48, "T", "DIP", "+3.3V", "", "O", 98.42, 62.99, 39.37, 0],
		[144, "U1_8", 1161.41, 157.48, "B", "DIP", "+3.3V", "", "O", 98.42, 62.99, 39.37, 0],
		[145, "U1_9", 261.41, 157.48, "T", "DIP", "+5V", "", "O", 98.42, 62.99, 39.37, 0],
		[146, "U1_9", 261.41, 157.48, "B", "DIP", "+5V", "", "O", 98.42, 62.99, 39.37, 0],
		[147, "U1_10", 261.41, 257.48, "T", "DIP", "GND", "GND", "O", 98.42, 62.99, 39.37, 0],
		[148, "U1_10", 261.41, 257.48, "B", "DIP", "GND", "GND", "O", 98.42, 62.99, 39.37, 0],
		[149, "U1_11", 261.41, 357.48, "T", "DIP", "U1_11", "", "O", 98.42, 62.99, 39.37, 0],
		[150, "U1_11", 261.41, 357.48, "B", "DIP", "U1_11", "", "O", 98.42, 62.99, 39.37, 0],
		[151, "U1_12", 261.41, 457.48, "T", "DIP", "U1_12", "", "O", 98.42, 62.99, 39.37, 0],
		[152, "U1_12", 261.41, 457.48, "B", "DIP", "U1_12", "", "O", 98.42, 62.99, 39.37, 0],
		[153, "U1_13", 261.41, 557.48, "T", "DIP", "SDA", "", "O", 98.42, 62.99, 39.37, 0],
		[154, "U1_13", 261.41, 557.48, "B", "DIP", "SDA", "", "O", 98.42, 62.99, 39.37, 0],
		[155, "U1_14", 261.41, 657.48, "T", "DIP", "SCL", "", "O", 98.42, 62.99, 39.37, 0],
		[156, "U1_14", 261.41, 657.48, "B", "DIP", "SCL", "", "O", 98.42, 62.99, 39.37, 0],
		[157, "U1_15", 261.41, 757.48, "T", "DIP", "RX_SHC", "", "O", 98.42, 62.99, 39.37, 0],
		[158, "U1_15", 261.41, 757.48, "B", "DIP", "RX_SHC", "", "O", 98.42, 62.99, 39.37, 0],
		[159, "U1_16", 261.41, 857.48, "T", "DIP", "TX_SHC", "", "O", 98.42, 62.99, 39.37, 0],
		[160, "U1_16", 261.41, 857.48, "B", "DIP", "TX_SHC", "", "O", 98.42, 62.99, 39.37, 0]
	]
}
}