{
"lengthUnit": "mil",
"components": {
	"fields": ["COMPONENT_NO", "COMPONENT_NAME", "LAYER", "X_COORDINATE", "Y_COORDINATE", "ANGLE"],
	"rows": [
		[1, "C1", "T", 575, 910, 270],
		[2, "C2", "T", 544.68, 1065, 270],
		[3, "C3", "T", 615.87, 1065, 90],
		[4, "C4", "T", 345, 862.5, 0],
		[5, "C5", "T", 260, 890, 90],
		[6, "D1", "T", 649.68, 1317.44, 90],
		[7, "D2", "T", 495, 1313.07, 270],
		[8, "FAULT", "B", 330, 1185, 180],
		[9, "L1", "T", 850, 1286.41, 90],
		[10, "P1", "T", 875.98, 944.88, 0],
		[11, "P3", "T", 300, 1315, 270],
		[12, "Q1", "T", 245, 1080, 180],
		[13, "R1", "T", 677.48, 1052.22, 270],
		[14, "R2", "T", 729.53, 1052.22, 270],
		[15, "R3", "T", 205, 890, 90],
		[16, "R4", "T", 455, 860.55, 180],
		[17, "R7", "T", 227.82, 1165.97, 180],
		[18, "R8", "T", 235.82, 970, 180],
		[19, "R9", "T", 135, 890, 90],
		[20, "U1", "T", 710, 910, 90],
		[21, "U2", "T", 409.6, 1035, 0],
		[22, "PAD1", "T", 59.06, 1082.68, 0],
		[23, "PAD1", "B", 59.06, 1082.68, 0]
	]
},
"pins": {
	"fields": ["PIN_NO", "PIN_NAME", "PIN_X", "PIN_Y", "LAYER", "PIN_TYPE", "NET_NAME", "NET_TYPE", "PAD_SHAPE", "PAD_SIZEX", "PAD_SIZEY", "HOLE_SIZE", "PAD_ANGLE"],
	"rows": [
		[1, "C1_1", 575, 949.37, "T", "SMD", "GND", "GND", "R", 55.51, 53.15, 0, 270],
		[2, "C1_2", 575, 870.63, "T", "SMD", "VIN", "", "R", 55.51, 53.15, 0, 270],
		[3, "C2_1", 544.68, 1104.37, "T", "SMD", "24V", "", "R", 55.51, 53.15, 0, 270],
		[4, "C2_2", 544.68, 1025.63, "T", "SMD", "GND", "GND", "R", 55.51, 53.15, 0, 270],
		[5, "C3_1", 615.87, 1025.63, "T", "SMD", "GND", "GND", "R", 55.51, 53.15, 0, 90],
		[6, "C3_2", 615.87, 1104.37, "T", "SMD", "24V", "", "R", 55.51, 53.15, 0, 90],
		[7, "C4_1", 317.44, 862.5, "T", "SMD", "GND", "GND", "R", 31.5, 35.43, 0, 0],
		[8, "C4_2", 372.56, 862.5, "T", "SMD", "$1N10088", "", "R", 31.5, 35.43, 0, 0],
		[9, "C5_1", 260, 862.44, "T", "SMD", "GND", "GND", "R", 31.5, 35.43, 0, 90],
		[10, "C5_2", 260, 917.56, "T", "SMD", "$1N4066", "", "R", 31.5, 35.43, 0, 90],
		[11, "D1_1", 649.68, 1230.83, "T", "SMD", "24V", "", "R", 78.74, 78.74, 0, 270],
		[12, "D1_2", 649.68, 1404.05, "T", "SMD", "$1N5858", "", "R", 78.74, 78.74, 0, 270],
		[13, "D2_1", 495, 1406.01, "T", "SMD", "24V", "", "R", 74.8, 86.31, 0, 270],
		[14, "D2_2", 495, 1220.13, "T", "SMD", "$1N4182", "", "R", 74.8, 86.31, 0, 270],
		[15, "FAULT_1", 330, 1185, "B", "SMD", "$1N16383", "", "C", 39.37, 39.37, 0, 180],
		[16, "L1_1", 850, 1171.73, "T", "SMD", "VIN", "", "R", 84.65, 130.71, 0, 90],
		[17, "L1_2", 850, 1401.09, "T", "SMD", "$1N5858", "", "R", 84.65, 130.71, 0, 90],
		[18, "P1_1", 836.61, 848.43, "T", "SMD", "3.3V", "", "R", 35.43, 86.61, 0, 0],
		[19, "P1_1", 836.61, 905.51, "T", "DIP", "3.3V", "", "C", 47.24, 47.24, 33.46, 0],
		[20, "P1_1", 836.61, 905.51, "B", "DIP", "3.3V", "", "C", 47.24, 47.24, 33.46, 0],
		[21, "P1_2", 836.61, 1041.34, "T", "SMD", "VIN", "", "R", 35.43, 86.61, 0, 0],
		[22, "P1_2", 836.61, 984.25, "T", "DIP", "VIN", "", "C", 47.24, 47.24, 33.46, 0],
		[23, "P1_2", 836.61, 984.25, "B", "DIP", "VIN", "", "C", 47.24, 47.24, 33.46, 0],
		[24, "P1_3", 915.35, 848.43, "T", "SMD", "M1_ENA", "", "R", 35.43, 86.61, 0, 0],
		[25, "P1_3", 915.35, 905.51, "T", "DIP", "M1_ENA", "", "C", 47.24, 47.24, 33.46, 0],
		[26, "P1_3", 915.35, 905.51, "B", "DIP", "M1_ENA", "", "C", 47.24, 47.24, 33.46, 0],
		[27, "P1_4", 915.35, 1041.34, "T", "SMD", "GND", "GND", "R", 35.43, 86.61, 0, 0],
		[28, "P1_4", 915.35, 984.25, "T", "DIP", "GND", "GND", "C", 47.24, 47.24, 33.46, 0],
		[29, "P1_4", 915.35, 984.25, "B", "DIP", "GND", "GND", "C", 47.24, 47.24, 33.46, 0],
		[30, "P3_1", 300, 1365, "T", "DIP", "24V", "", "C", 74.8, 74.8, 51.18, 270],
		[31, "P3_1", 300, 1365, "B", "DIP", "24V", "", "C", 74.8, 74.8, 51.18, 270],
		[32, "P3_2", 300, 1265, "T", "DIP", "$1N4182", "", "C", 74.8, 74.8, 51.18, 270],
		[33, "P3_2", 300, 1265, "B", "DIP", "$1N4182", "", "C", 74.8, 74.8, 51.18, 270],
		[34, "Q1_1", 205.63, 1117.4, "T", "SMD", "$1N19329", "", "R", 49.21, 27.56, 0, 180],
		[35, "Q1_2", 205.63, 1042.6, "T", "SMD", "GND", "GND", "R", 49.21, 27.56, 0, 180],
		[36, "Q1_3", 284.37, 1080, "T", "SMD", "$1N4441", "", "R", 49.21, 27.56, 0, 180],
		[37, "R1_1", 677.48, 1081.88, "T", "SMD", "24V", "", "R", 31.75, 34.02, 0, 270],
		[38, "R1_2", 677.48, 1022.56, "T", "SMD", "$1N9857", "", "R", 31.75, 34.02, 0, 270],
		[39, "R2_1", 729.53, 1081.88, "T", "SMD", "GND", "GND", "R", 31.75, 34.02, 0, 270],
		[40, "R2_2", 729.53, 1022.56, "T", "SMD", "$1N9857", "", "R", 31.75, 34.02, 0, 270],
		[41, "R3_1", 205, 860.34, "T", "SMD", "GND", "GND", "R", 31.75, 34.02, 0, 90],
		[42, "R3_2", 205, 919.66, "T", "SMD", "$1N4066", "", "R", 31.75, 34.02, 0, 90],
		[43, "R4_1", 484.66, 860.55, "T", "SMD", "GND", "GND", "R", 31.75, 34.02, 0, 180],
		[44, "R4_2", 425.34, 860.55, "T", "SMD", "$1N4023", "", "R", 31.75, 34.02, 0, 180],
		[45, "R7_1", 257.48, 1165.97, "T", "SMD", "GND", "GND", "R", 31.75, 34.02, 0, 180],
		[46, "R7_2", 198.16, 1165.97, "T", "SMD", "$1N19329", "", "R", 31.75, 34.02, 0, 180],
		[47, "R8_1", 265.48, 970, "T", "SMD", "$1N4441", "", "R", 31.75, 34.02, 0, 180],
		[48, "R8_2", 206.16, 970, "T", "SMD", "3.3V", "", "R", 31.75, 34.02, 0, 180],
		[49, "R9_1", 135, 860.34, "T", "SMD", "M1_ENA", "", "R", 31.75, 34.02, 0, 90],
		[50, "R9_2", 135, 919.66, "T", "SMD", "$1N19329", "", "R", 31.75, 34.02, 0, 90],
		[51, "U1_1", 747.4, 963.15, "T", "SMD", "$1N5858", "", "R", 43.31, 23.62, 0, 90],
		[52, "U1_2", 710, 963.15, "T", "SMD", "GND", "GND", "R", 43.31, 23.62, 0, 90],
		[53, "U1_3", 672.6, 963.15, "T", "SMD", "$1N9857", "", "R", 43.31, 23.62, 0, 90],
		[54, "U1_4", 672.6, 856.85, "T", "SMD", "VIN", "", "R", 43.31, 23.62, 0, 90],
		[55, "U1_5", 710, 856.85, "T", "SMD", "VIN", "", "R", 43.31, 23.62, 0, 90],
		[56, "U1_6", 747.4, 856.85, "T", "SMD", "U1_6", "", "R", 43.31, 23.62, 0, 90],
		[57, "U2_1", 334.6, 927.89, "T", "SMD", "$1N4066", "", "O", 23.62, 62.99, 0, 0],
		[58, "U2_2", 384.6, 927.89, "T", "SMD", "$1N10088", "", "O", 23.62, 62.99, 0, 0],
		[59, "U2_3", 434.6, 927.89, "T", "SMD", "$1N4023", "", "O", 23.62, 62.99, 0, 0],
		[60, "U2_4", 484.6, 927.89, "T", "SMD", "GND", "GND", "O", 23.62, 62.99, 0, 0],
		[61, "U2_5", 484.6, 1142.11, "T", "SMD", "$1N4182", "", "O", 23.62, 62.99, 0, 0],
		[62, "U2_6", 434.6, 1142.11, "T", "SMD", "24V", "", "O", 23.62, 62.99, 0, 0],
		[63, "U2_7", 384.6, 1142.11, "T", "SMD", "$1N16383", "", "O", 23.62, 62.99, 0, 0],
		[64, "U2_8", 334.6, 1142.11, "T", "SMD", "$1N4441", "", "O", 23.62, 62.99, 0, 0],
		[65, "U2_9", 409.6, 1035, "T", "SMD", "GND", "GND", "R", 90.16, 90.16, 0, 0],
		[66, "PAD1_1", 59.06, 1082.68, "T", "DIP", "GND", "GND", "C", 220.47, 220.47, 125.98, 0],
		[67, "PAD1_1", 59.06, 1082.68, "B", "DIP", "GND", "GND", "C", 220.47, 220.47, 125.98, 0]
	]
}
}