{
"lengthUnit": "mil",
"components": {
	"fields": ["COMPONENT_NO", "COMPONENT_NAME", "LAYER", "X_COORDINATE", "Y_COORDINATE", "ANGLE"],
	"rows": [
		[1, "DC1", "T", 0, -1023.62, 180],
		[2, "U1", "T", 0, 27.07, 180]
	]
},
"pins": {
	"fields": ["PIN_NO", "PIN_NAME", "PIN_X", "PIN_Y", "LAYER", "PIN_TYPE", "NET_NAME", "NET_TYPE", "PAD_SHAPE", "PAD_SIZEX", "PAD_SIZEY", "HOLE_SIZE", "PAD_ANGLE"],
	"rows": [
		[1, "DC1_1", -118.11, -1116.21, "T", "DIP", "$1N564", "", "O", 165.35, 70.87, 137.79, 270],
		[2, "DC1_1", -118.11, -1116.21, "B", "DIP", "$1N564", "", "O", 165.35, 70.87, 137.79, 270],
		[3, "DC1_2", 118.11, -1116.21, "T", "DIP", "GND", "GND", "O", 157.48, 70.87, 129.92, 90],
		[4, "DC1_2", 118.11, -1116.21, "B", "DIP", "GND", "GND", "O", 157.48, 70.87, 129.92, 90],
		[5, "DC1_3", 0.01, -931.04, "T", "DIP", "DC1_3", "", "O", 157.48, 70.87, 129.92, 180],
		[6, "DC1_3", 0.01, -931.04, "B", "DIP", "DC1_3", "", "O", 157.48, 70.87, 129.92, 180],
		[7, "U1_1", -93.76, -54.13, "T", "DIP", "$1N564", "", "C", 86.61, 86.61, 62.99, 180],
		[8, "U1_1", -93.76, -54.13, "B", "DIP", "$1N564", "", "C", 86.61, 86.61, 62.99, 180],
		[9, "U1_2", -93.76, 54.14, "T", "DIP", "GND", "GND", "C", 86.61, 86.61, 62.99, 180],
		[10, "U1_2", -93.76, 54.14, "B", "DIP", "GND", "GND", "C", 86.61, 86.61, 62.99, 180],
		[11, "U1_3", 0, 108.27, "T", "DIP", "$1N1057", "", "C", 86.61, 86.61, 62.99, 180],
		[12, "U1_3", 0, 108.27, "B", "DIP", "$1N1057", "", "C", 86.61, 86.61, 62.99, 180],
		[13, "U1_4", 93.76, 54.13, "T", "DIP", "$1N1067", "", "C", 86.61, 86.61, 62.99, 180],
		[14, "U1_4", 93.76, 54.13, "B", "DIP", "$1N1067", "", "C", 86.61, 86.61, 62.99, 180],
		[15, "U1_5", 93.76, -54.13, "T", "DIP", "$1N1060", "", "C", 86.61, 86.61, 62.99, 180],
		[16, "U1_5", 93.76, -54.13, "B", "DIP", "$1N1060", "", "C", 86.61, 86.61, 62.99, 180],
		[17, "U1_6", 0, 0, "T", "DIP", "$1N576", "", "C", 86.61, 86.61, 62.99, 180],
		[18, "U1_6", 0, 0, "B", "DIP", "$1N576", "", "C", 86.61, 86.61, 62.99, 180]
	]
}
}