{
"lengthUnit": "mil",
"components": {
	"fields": ["COMPONENT_NO", "COMPONENT_NAME", "LAYER", "X_COORDINATE", "Y_COORDINATE", "ANGLE"],
	"rows": [
		[1, "B1", "B", 708.66, 1427.17, 90],
		[2, "BRAKE", "T", 875.98, 964.57, 180],
		[3, "C1", "T", -551.18, 974.41, 180],
		[4, "C2", "T", -551.18, 935.04, 180],
		[5, "C3", "T", -492.13, 1666.96, 90],
		[6, "C4", "T", 128.58, 1310, 270],
		[7, "C5", "T", -442.91, 925.2, 180],
		[8, "C6", "T", -541.34, 895.67, 0],
		[9, "C7", "T", -137.8, 639.76, 90],
		[10, "C8", "T", -846.46, 777.56, 180],
		[11, "C9", "T", -541.34, 856.3, 180],
		[12, "C10", "T", -216.53, 915.35, 90],
		[13, "C11", "T", -911.34, 255.91, 180],
		[14, "C12", "T", -423.23, 866.14, 180],
		[15, "C13", "T", 809.7, 1505.91, 270],
		[16, "C15", "T", 944.88, 1584.65, 270],
		[17, "C16", "T", 866.14, 1584.65, 270],
		[18, "C17", "T", 590.55, 1530.22, 270],
		[19, "C18", "T", 511.81, 1417.32, 90],
		[20, "C19", "T", 516.99, 1551.99, 270],
		[21, "C20", "T", 556.07, 885.83, 0],
		[22, "C21", "T", 137.8, 639.76, 90],
		[23, "C22", "T", 216.54, 915.35, 90],
		[24, "C23", "T", 679.13, 922.07, 0],
		[25, "C24", "T", 556.07, 846.46, 180],
		[26, "C25", "T", 846.46, 757.87, 0],
		[27, "C26", "T", 108.27, 305.12, 180],
		[28, "C27", "T", 679.13, 856.3, 180],
		[29, "C29", "T", 727.4, 1655.37, 0],
		[30, "C30", "T", 287.46, 1656.78, 270],
		[31, "C33", "T", 275.59, 1446.85, 270],
		[32, "C34", "T", 866.14, 1200.79, 90],
		[33, "C35", "T", 944.88, 1200.79, 90],
		[34, "C36", "T", 451.92, 1230.32, 90],
		[35, "C37", "T", 807.09, 1377.95, 270],
		[36, "C38", "T", 590.55, 1276.87, 90],
		[37, "C39", "T", 517.45, 1240.16, 90],
		[38, "C40", "T", 797.24, 1200.78, 270],
		[39, "C41", "T", -196.85, 301.2, 180],
		[40, "C42", "T", -911.34, 305.12, 0],
		[41, "C43", "T", 206.69, 305.12, 0],
		[42, "C44", "T", 922.96, 301.2, 180],
		[43, "CN1", "T", -295.28, 1919.29, 180],
		[44, "CN2", "T", -787.4, 1980.32, 180],
		[45, "D1", "T", -783.48, 1773.54, 0],
		[46, "D2", "T", -575.79, 1786.42, 0],
		[47, "D3", "T", -437.5, 1608.04, 90],
		[48, "D6", "T", 403.54, 984.25, 0],
		[49, "DC1", "T", 403.54, 1850.39, 270],
		[50, "H1", "T", 0, 137.8, 180],
		[51, "H2", "T", 157.48, 1889.76, 270],
		[52, "IN1", "T", 804.95, 1812.75, 270],
		[53, "JP1", "T", -49.21, 1889.76, 0],
		[54, "L1", "T", -18.65, 1736.21, 180],
		[55, "L2", "T", 905.51, 1456.69, 90],
		[56, "L3", "T", 905.51, 1328.74, 270],
		[57, "LED1", "T", 719.4, 2078.73, 90],
		[58, "LED2", "T", -551.18, 2096.46, 270],
		[59, "M1", "T", -561.02, 541.34, 0],
		[60, "M2", "T", 561.02, 541.34, 0],
		[61, "MOT1", "T", -492.13, 108.27, 0],
		[62, "MOT2", "T", 492.13, 108.27, 0],
		[63, "MX1", "T", 59.05, 1102.36, 0],
		[64, "PS1", "T", 915.35, 1919.29, 180],
		[65, "R1", "T", -374.02, 1240.16, 270],
		[66, "R2", "T", -403.54, 1112.2, 90],
		[67, "R3", "T", -423.23, 1240.16, 90],
		[68, "R4", "T", -452.76, 1112.2, 270],
		[69, "R5", "T", -875.98, 1771.65, 90],
		[70, "R6", "T", -531.5, 1657.79, 90],
		[71, "R7", "T", -570.87, 1657.79, 90],
		[72, "R8", "T", -590.55, 1714.09, 0],
		[73, "R9", "T", -669.29, 1771.65, 270],
		[74, "R10", "T", -472.44, 1240.16, 270],
		[75, "R11", "T", -305.12, 1112.2, 90],
		[76, "R12", "T", 719.4, 1946.95, 270],
		[77, "R13", "T", -521.65, 1240.16, 90],
		[78, "R14", "T", -354.33, 1112.2, 270],
		[79, "R17", "T", -498.38, 1565.9, 90],
		[80, "R18", "T", 344.49, 1683.07, 0],
		[81, "R20", "T", -925.2, 393.7, 180],
		[82, "R21", "T", -787.4, 305.12, 180],
		[83, "R22", "T", -311.14, 301.2, 0],
		[84, "R23", "T", -196.85, 393.7, 0],
		[85, "R26", "T", 196.85, 393.7, 180],
		[86, "R27", "T", 334.64, 305.12, 180],
		[87, "R28", "T", 925.2, 393.7, 0],
		[88, "R29", "T", 810.89, 303.46, 0],
		[89, "R31", "T", 321.82, 1427.17, 90],
		[90, "R32", "T", 374.02, 1407.48, 90],
		[91, "R35", "T", -550.97, 1988.19, 90],
		[92, "U1", "T", -728.35, 1259.84, 270],
		[93, "U3", "T", -123.85, 1470.33, 180],
		[94, "U7", "T", 708.66, 1486.22, 270],
		[95, "U8", "T", 393.7, 1574.8, 270],
		[96, "U9", "T", 708.66, 1358.27, 270]
	]
},
"pins": {
	"fields": ["PIN_NO", "PIN_NAME", "PIN_X", "PIN_Y", "LAYER", "PIN_TYPE", "NET_NAME", "NET_TYPE", "PAD_SHAPE", "PAD_SIZEX", "PAD_SIZEY", "HOLE_SIZE", "PAD_ANGLE"],
	"rows": [
		[1, "B1_1", 708.66, 1112.21, "B", "SMD", "VBAT", "", "R", 157.48, 70.87, 0, 270],
		[2, "B1_2", 708.66, 1742.13, "B", "SMD", "GND", "GND", "R", 157.48, 90.55, 0, 270],
		[3, "BRAKE_1", 915.35, 1053.15, "T", "SMD", "GND", "GND", "R", 35.04, 118.11, 0, 180],
		[4, "BRAKE_2", 915.35, 875.99, "T", "SMD", "M1_ENA", "", "R", 35.04, 118.11, 0, 180],
		[5, "BRAKE_3", 836.61, 1053.15, "T", "SMD", "VCC", "", "R", 35.04, 118.11, 0, 180],
		[6, "BRAKE_4", 836.61, 875.99, "T", "SMD", "+3.3V", "", "R", 35.04, 118.11, 0, 180],
		[7, "C1_1", -526.87, 974.41, "T", "SMD", "GND", "GND", "R", 25.39, 21.26, 0, 180],
		[8, "C1_2", -575.49, 974.41, "T", "SMD", "+3.3V", "", "R", 25.39, 21.26, 0, 180],
		[9, "C2_1", -526.87, 935.04, "T", "SMD", "GND", "GND", "R", 25.39, 21.26, 0, 180],
		[10, "C2_2", -575.49, 935.04, "T", "SMD", "+3.3V", "", "R", 25.39, 21.26, 0, 180],
		[11, "C3_1", -492.13, 1645.5, "T", "SMD", "+3.3V", "", "R", 31.11, 21.26, 0, 90],
		[12, "C3_2", -492.13, 1688.42, "T", "SMD", "GND", "GND", "R", 31.11, 21.26, 0, 90],
		[13, "C4_1", 128.58, 1337.56, "T", "SMD", "+3.3V", "", "R", 31.5, 35.43, 0, 270],
		[14, "C4_2", 128.58, 1282.44, "T", "SMD", "GND", "GND", "R", 31.5, 35.43, 0, 270],
		[15, "C5_1", -415.35, 925.2, "T", "SMD", "GND", "GND", "R", 31.5, 35.43, 0, 180],
		[16, "C5_2", -470.47, 925.2, "T", "SMD", "VCC", "", "R", 31.5, 35.43, 0, 180],
		[17, "C6_1", -562.8, 895.67, "T", "SMD", "+3.3V", "", "R", 31.11, 21.26, 0, 0],
		[18, "C6_2", -519.88, 895.67, "T", "SMD", "GND", "GND", "R", 31.11, 21.26, 0, 0],
		[19, "C7_1", -137.8, 740.35, "T", "SMD", "VCC", "", "R", 128.35, 45.28, 0, 270],
		[20, "C7_2", -137.8, 539.17, "T", "SMD", "GND", "GND", "R", 128.35, 45.28, 0, 270],
		[21, "C8_1", -783.76, 777.56, "T", "SMD", "VCC", "", "R", 58.47, 68.03, 0, 180],
		[22, "C8_2", -909.16, 777.56, "T", "SMD", "GND", "GND", "R", 58.47, 68.03, 0, 180],
		[23, "C9_1", -519.88, 856.3, "T", "SMD", "GND", "GND", "R", 31.11, 21.26, 0, 180],
		[24, "C9_2", -562.8, 856.3, "T", "SMD", "+3.3V", "", "R", 31.11, 21.26, 0, 180],
		[25, "C10_1", -216.53, 852.65, "T", "SMD", "VCC", "", "R", 58.47, 68.03, 0, 90],
		[26, "C10_2", -216.53, 978.05, "T", "SMD", "GND", "GND", "R", 58.47, 68.03, 0, 90],
		[27, "C11_1", -883.78, 255.91, "T", "SMD", "$3N1533", "", "R", 31.5, 35.43, 0, 180],
		[28, "C11_2", -938.9, 255.91, "T", "SMD", "GND", "GND", "R", 31.5, 35.43, 0, 180],
		[29, "C12_1", -383.86, 866.14, "T", "SMD", "$3N1531", "", "R", 55.51, 53.15, 0, 180],
		[30, "C12_2", -462.6, 866.14, "T", "SMD", "VCC", "", "R", 55.51, 53.15, 0, 180],
		[31, "C13_1", 809.7, 1527.37, "T", "SMD", "$3N23825", "", "R", 31.11, 21.26, 0, 270],
		[32, "C13_2", 809.7, 1484.45, "T", "SMD", "$3N2780", "", "R", 31.11, 21.26, 0, 270],
		[33, "C15_1", 944.88, 1624.02, "T", "SMD", "GND", "GND", "R", 55.51, 53.15, 0, 270],
		[34, "C15_2", 944.88, 1545.28, "T", "SMD", "+5V", "", "R", 55.51, 53.15, 0, 270],
		[35, "C16_1", 866.14, 1624.02, "T", "SMD", "GND", "GND", "R", 55.51, 53.15, 0, 270],
		[36, "C16_2", 866.14, 1545.28, "T", "SMD", "+5V", "", "R", 55.51, 53.15, 0, 270],
		[37, "C17_1", 590.55, 1592.92, "T", "SMD", "GND", "GND", "R", 58.47, 68.03, 0, 270],
		[38, "C17_2", 590.55, 1467.52, "T", "SMD", "VCC", "", "R", 58.47, 68.03, 0, 270],
		[39, "C18_1", 511.81, 1376.77, "T", "SMD", "GND", "GND", "R", 55.51, 53.15, 0, 90],
		[40, "C18_2", 511.81, 1457.87, "T", "SMD", "VCC", "", "R", 55.51, 53.15, 0, 90],
		[41, "C19_1", 516.99, 1579.55, "T", "SMD", "GND", "GND", "R", 31.5, 35.43, 0, 270],
		[42, "C19_2", 516.99, 1524.43, "T", "SMD", "VCC", "", "R", 31.5, 35.43, 0, 270],
		[43, "C20_1", 534.61, 885.83, "T", "SMD", "+3.3V", "", "R", 31.11, 21.26, 0, 0],
		[44, "C20_2", 577.53, 885.83, "T", "SMD", "GND", "GND", "R", 31.11, 21.26, 0, 0],
		[45, "C21_1", 137.8, 740.35, "T", "SMD", "VCC", "", "R", 128.35, 45.28, 0, 270],
		[46, "C21_2", 137.8, 539.17, "T", "SMD", "GND", "GND", "R", 128.35, 45.28, 0, 270],
		[47, "C22_1", 216.54, 852.65, "T", "SMD", "VCC", "", "R", 58.47, 68.03, 0, 90],
		[48, "C22_2", 216.54, 978.05, "T", "SMD", "GND", "GND", "R", 58.47, 68.03, 0, 90],
		[49, "C23_1", 651.57, 922.07, "T", "SMD", "VCC", "", "R", 31.5, 35.43, 0, 0],
		[50, "C23_2", 706.69, 922.07, "T", "SMD", "GND", "GND", "R", 31.5, 35.43, 0, 0],
		[51, "C24_1", 577.53, 846.46, "T", "SMD", "GND", "GND", "R", 31.11, 21.26, 0, 180],
		[52, "C24_2", 534.61, 846.46, "T", "SMD", "+3.3V", "", "R", 31.11, 21.26, 0, 180],
		[53, "C25_1", 783.76, 757.87, "T", "SMD", "VCC", "", "R", 58.47, 68.03, 0, 0],
		[54, "C25_2", 909.16, 757.87, "T", "SMD", "GND", "GND", "R", 58.47, 68.03, 0, 0],
		[55, "C26_1", 135.83, 305.12, "T", "SMD", "$3N1553", "", "R", 31.5, 35.43, 0, 180],
		[56, "C26_2", 80.71, 305.12, "T", "SMD", "GND", "GND", "R", 31.5, 35.43, 0, 180],
		[57, "C27_1", 718.5, 856.3, "T", "SMD", "$3N1552", "", "R", 55.51, 53.15, 0, 180],
		[58, "C27_2", 639.76, 856.3, "T", "SMD", "VCC", "", "R", 55.51, 53.15, 0, 180],
		[59, "C29_1", 674.25, 1655.37, "T", "SMD", "+5V", "", "R", 47.24, 55.12, 0, 0],
		[60, "C29_2", 780.55, 1655.37, "T", "SMD", "GND", "GND", "R", 47.24, 55.12, 0, 0],
		[61, "C30_1", 287.46, 1678.24, "T", "SMD", "GND", "GND", "R", 31.11, 21.26, 0, 270],
		[62, "C30_2", 287.46, 1635.32, "T", "SMD", "$3N39977", "", "R", 31.11, 21.26, 0, 270],
		[63, "C33_1", 275.59, 1468.31, "T", "SMD", "$3N40264", "", "R", 31.11, 21.26, 0, 270],
		[64, "C33_2", 275.59, 1425.39, "T", "SMD", "GND", "GND", "R", 31.11, 21.26, 0, 270],
		[65, "C34_1", 866.14, 1161.42, "T", "SMD", "GND", "GND", "R", 55.51, 53.15, 0, 90],
		[66, "C34_2", 866.14, 1240.16, "T", "SMD", "+3.3V", "", "R", 55.51, 53.15, 0, 90],
		[67, "C35_1", 944.88, 1161.42, "T", "SMD", "GND", "GND", "R", 55.51, 53.15, 0, 90],
		[68, "C35_2", 944.88, 1240.16, "T", "SMD", "+3.3V", "", "R", 55.51, 53.15, 0, 90],
		[69, "C36_1", 451.92, 1189.76, "T", "SMD", "GND", "GND", "R", 55.51, 53.15, 0, 90],
		[70, "C36_2", 451.92, 1270.87, "T", "SMD", "VCC", "", "R", 55.51, 53.15, 0, 90],
		[71, "C37_1", 807.09, 1399.41, "T", "SMD", "$3N44065", "", "R", 31.11, 21.26, 0, 270],
		[72, "C37_2", 807.09, 1356.49, "T", "SMD", "$3N44061", "", "R", 31.11, 21.26, 0, 270],
		[73, "C38_1", 590.55, 1214.17, "T", "SMD", "GND", "GND", "R", 58.47, 68.03, 0, 90],
		[74, "C38_2", 590.55, 1339.57, "T", "SMD", "VCC", "", "R", 58.47, 68.03, 0, 90],
		[75, "C39_1", 517.45, 1212.6, "T", "SMD", "GND", "GND", "R", 31.5, 35.43, 0, 90],
		[76, "C39_2", 517.45, 1267.72, "T", "SMD", "VCC", "", "R", 31.5, 35.43, 0, 90],
		[77, "C40_1", 797.24, 1253.93, "T", "SMD", "+3.3V", "", "R", 47.24, 55.12, 0, 270],
		[78, "C40_2", 797.24, 1147.63, "T", "SMD", "GND", "GND", "R", 47.24, 55.12, 0, 270],
		[79, "C41_1", -169.29, 301.2, "T", "SMD", "GND", "GND", "R", 31.5, 35.43, 0, 180],
		[80, "C41_2", -224.41, 301.2, "T", "SMD", "$3N1537", "", "R", 31.5, 35.43, 0, 180],
		[81, "C42_1", -938.9, 305.12, "T", "SMD", "GND", "GND", "R", 31.5, 35.43, 0, 0],
		[82, "C42_2", -883.78, 305.12, "T", "SMD", "$3N1538", "", "R", 31.5, 35.43, 0, 0],
		[83, "C43_1", 179.13, 305.12, "T", "SMD", "GND", "GND", "R", 31.5, 35.43, 0, 0],
		[84, "C43_2", 234.25, 305.12, "T", "SMD", "$3N1557", "", "R", 31.5, 35.43, 0, 0],
		[85, "C44_1", 950.52, 301.2, "T", "SMD", "GND", "GND", "R", 31.5, 35.43, 0, 180],
		[86, "C44_2", 895.4, 301.2, "T", "SMD", "$3N1558", "", "R", 31.5, 35.43, 0, 180],
		[87, "CN1_1", -127.95, 1757.88, "T", "SMD", "GND", "GND", "R", 55.12, 98.42, 0, 270],
		[88, "CN1_2", -462.6, 2080.71, "T", "SMD", "RX_REMOTE", "", "R", 55.12, 98.42, 0, 270],
		[89, "CN1_3", -462.6, 1962.6, "T", "SMD", "TX_REMOTE", "", "R", 55.12, 98.42, 0, 270],
		[90, "CN1_4", -462.6, 1809.06, "T", "SMD", "+5V", "", "R", 55.12, 98.42, 0, 270],
		[91, "CN1_5", -127.95, 2080.71, "T", "SMD", "CN1_5", "", "R", 55.12, 98.42, 0, 270],
		[92, "CN2_0", -957.48, 1883.86, "T", "DIP", "GND", "GND", "O", 39.37, 82.68, 62.99, 180],
		[93, "CN2_0", -957.48, 1883.86, "B", "DIP", "GND", "GND", "O", 39.37, 82.68, 62.99, 180],
		[94, "CN2_0", -617.32, 1883.86, "T", "DIP", "GND", "GND", "O", 39.37, 82.68, 62.99, 180],
		[95, "CN2_0", -617.32, 1883.86, "B", "DIP", "GND", "GND", "O", 39.37, 82.68, 62.99, 180],
		[96, "CN2_0", -617.32, 2094.88, "T", "DIP", "GND", "GND", "O", 39.37, 102.36, 82.68, 180],
		[97, "CN2_0", -617.32, 2094.88, "B", "DIP", "GND", "GND", "O", 39.37, 102.36, 82.68, 180],
		[98, "CN2_0", -957.48, 2094.88, "T", "DIP", "GND", "GND", "O", 39.37, 102.36, 82.68, 180],
		[99, "CN2_0", -957.48, 2094.88, "B", "DIP", "GND", "GND", "O", 39.37, 102.36, 82.68, 180],
		[100, "CN2_A1", -669.29, 1865.75, "T", "SMD", "GND", "GND", "R", 11.81, 31.5, 0, 180],
		[101, "CN2_A10", -866.14, 1865.75, "T", "SMD", "CN2_A10", "", "R", 11.81, 31.5, 0, 180],
		[102, "CN2_A11", -885.83, 1865.75, "T", "SMD", "CN2_A11", "", "R", 11.81, 31.5, 0, 180],
		[103, "CN2_A12", -905.51, 1865.75, "T", "SMD", "GND", "GND", "R", 11.81, 31.5, 0, 180],
		[104, "CN2_A2", -688.98, 1865.75, "T", "SMD", "CN2_A2", "", "R", 11.81, 31.5, 0, 180],
		[105, "CN2_A3", -708.66, 1865.75, "T", "SMD", "CN2_A3", "", "R", 11.81, 31.5, 0, 180],
		[106, "CN2_A4", -728.35, 1865.75, "T", "SMD", "VUSB_IN", "", "R", 11.81, 31.5, 0, 180],
		[107, "CN2_A5", -748.03, 1865.75, "T", "SMD", "$1N104749", "", "R", 11.81, 31.5, 0, 180],
		[108, "CN2_A6", -767.72, 1865.75, "T", "SMD", "D+", "", "R", 11.81, 31.5, 0, 180],
		[109, "CN2_A7", -807.09, 1865.75, "T", "SMD", "D-", "", "R", 11.81, 31.5, 0, 180],
		[110, "CN2_A8", -826.77, 1865.75, "T", "SMD", "CN2_A8", "", "R", 11.81, 31.5, 0, 180],
		[111, "CN2_A9", -846.46, 1865.75, "T", "SMD", "VUSB_IN", "", "R", 11.81, 31.5, 0, 180],
		[112, "CN2_B1", -909.45, 1918.9, "T", "SMD", "GND", "GND", "R", 39.37, 27.56, 0, 180],
		[113, "CN2_B10", -718.5, 1918.9, "T", "SMD", "CN2_B10", "", "R", 11.81, 27.56, 0, 180],
		[114, "CN2_B11", -698.82, 1918.9, "T", "SMD", "CN2_B11", "", "R", 11.81, 27.56, 0, 180],
		[115, "CN2_B12", -665.35, 1918.9, "T", "SMD", "GND", "GND", "P", 39.37, 27.56, 0, 180],
		[116, "CN2_B2", -875.98, 1918.9, "T", "SMD", "CN2_B2", "", "R", 11.81, 27.56, 0, 180],
		[117, "CN2_B3", -856.3, 1918.9, "T", "SMD", "CN2_B3", "", "R", 11.81, 27.56, 0, 180],
		[118, "CN2_B4", -836.61, 1918.9, "T", "SMD", "VUSB_IN", "", "R", 11.81, 27.56, 0, 180],
		[119, "CN2_B5", -816.93, 1918.9, "T", "SMD", "$1N104745", "", "R", 11.81, 27.56, 0, 180],
		[120, "CN2_B6", -797.24, 1918.9, "T", "SMD", "D+", "", "R", 11.81, 27.56, 0, 180],
		[121, "CN2_B7", -777.56, 1918.9, "T", "SMD", "D-", "", "R", 11.81, 27.56, 0, 180],
		[122, "CN2_B8", -757.87, 1918.9, "T", "SMD", "CN2_B8", "", "R", 11.81, 27.56, 0, 180],
		[123, "CN2_B9", -738.19, 1918.9, "T", "SMD", "VUSB_IN", "", "R", 11.81, 27.56, 0, 180],
		[124, "D1_1", -819.7, 1799.13, "T", "SMD", "GND", "GND", "R", 27.56, 16.54, 0, 0],
		[125, "D1_2", -819.7, 1773.54, "T", "SMD", "VUSB_IN", "", "R", 27.56, 16.54, 0, 0],
		[126, "D1_3", -819.7, 1747.95, "T", "SMD", "D-", "", "R", 27.56, 16.54, 0, 0],
		[127, "D1_4", -747.27, 1747.95, "T", "SMD", "GND", "GND", "R", 27.56, 16.54, 0, 0],
		[128, "D1_5", -747.27, 1773.54, "T", "SMD", "VUSB_IN", "", "R", 27.56, 16.54, 0, 0],
		[129, "D1_6", -747.27, 1799.13, "T", "SMD", "D+", "", "R", 27.56, 16.54, 0, 0],
		[130, "D2_1", -612, 1812.01, "T", "SMD", "GND", "GND", "R", 27.56, 16.54, 0, 0],
		[131, "D2_2", -612, 1786.42, "T", "SMD", "+3.3V", "", "R", 27.56, 16.54, 0, 0],
		[132, "D2_3", -612, 1760.83, "T", "SMD", "RX_REMOTE", "", "R", 27.56, 16.54, 0, 0],
		[133, "D2_4", -539.57, 1760.83, "T", "SMD", "GND", "GND", "R", 27.56, 16.54, 0, 0],
		[134, "D2_5", -539.57, 1786.42, "T", "SMD", "+3.3V", "", "R", 27.56, 16.54, 0, 0],
		[135, "D2_6", -539.57, 1812.01, "T", "SMD", "TX_REMOTE", "", "R", 27.56, 16.54, 0, 0],
		[136, "D3_1", -437.5, 1561.88, "T", "SMD", "$3N2384", "", "R", 39.37, 29.53, 0, 90],
		[137, "D3_2", -437.5, 1654.21, "T", "SMD", "+3.3V", "", "R", 39.37, 29.53, 0, 90],
		[138, "D6_1", 316.93, 984.25, "T", "SMD", "VCC", "", "R", 78.74, 78.74, 0, 180],
		[139, "D6_2", 490.15, 984.25, "T", "SMD", "GND", "GND", "R", 78.74, 78.74, 0, 180],
		[140, "DC1_1", 496.13, 1732.28, "T", "DIP", "$3N39869", "", "O", 165.35, 70.87, 137.79, 0],
		[141, "DC1_1", 496.13, 1732.28, "B", "DIP", "$3N39869", "", "O", 165.35, 70.87, 137.79, 0],
		[142, "DC1_2", 496.13, 1968.5, "T", "DIP", "GND", "GND", "O", 157.48, 70.87, 129.92, 180],
		[143, "DC1_2", 496.13, 1968.5, "B", "DIP", "GND", "GND", "O", 157.48, 70.87, 129.92, 180],
		[144, "DC1_3", 310.96, 1850.4, "T", "DIP", "DC1_3", "", "O", 157.48, 70.87, 129.92, 270],
		[145, "DC1_3", 310.96, 1850.4, "B", "DIP", "DC1_3", "", "O", 157.48, 70.87, 129.92, 270],
		[146, "H1_1", 150, 187.8, "T", "DIP", "GND", "GND", "R", 62.99, 62.99, 43.31, 180],
		[147, "H1_1", 150, 187.8, "B", "DIP", "GND", "GND", "R", 62.99, 62.99, 43.31, 180],
		[148, "H1_2", 150, 87.8, "T", "DIP", "GND", "GND", "C", 62.99, 62.99, 43.31, 180],
		[149, "H1_2", 150, 87.8, "B", "DIP", "GND", "GND", "C", 62.99, 62.99, 43.31, 180],
		[150, "H1_3", 50, 187.8, "T", "DIP", "M1_ENCA_IN", "", "C", 62.99, 62.99, 43.31, 180],
		[151, "H1_3", 50, 187.8, "B", "DIP", "M1_ENCA_IN", "", "C", 62.99, 62.99, 43.31, 180],
		[152, "H1_4", 50, 87.8, "T", "DIP", "M2_ENCA_IN", "", "C", 62.99, 62.99, 43.31, 180],
		[153, "H1_4", 50, 87.8, "B", "DIP", "M2_ENCA_IN", "", "C", 62.99, 62.99, 43.31, 180],
		[154, "H1_5", -50, 187.8, "T", "DIP", "M1_ENCB_IN", "", "C", 62.99, 62.99, 43.31, 180],
		[155, "H1_5", -50, 187.8, "B", "DIP", "M1_ENCB_IN", "", "C", 62.99, 62.99, 43.31, 180],
		[156, "H1_6", -50, 87.8, "T", "DIP", "M2_ENCB_IN", "", "C", 62.99, 62.99, 43.31, 180],
		[157, "H1_6", -50, 87.8, "B", "DIP", "M2_ENCB_IN", "", "C", 62.99, 62.99, 43.31, 180],
		[158, "H1_7", -150, 187.8, "T", "DIP", "+5V", "", "C", 62.99, 62.99, 43.31, 180],
		[159, "H1_7", -150, 187.8, "B", "DIP", "+5V", "", "C", 62.99, 62.99, 43.31, 180],
		[160, "H1_8", -150, 87.8, "T", "DIP", "+5V", "", "C", 62.99, 62.99, 43.31, 180],
		[161, "H1_8", -150, 87.8, "B", "DIP", "+5V", "", "C", 62.99, 62.99, 43.31, 180],
		[162, "H2_1", 107.48, 2039.76, "T", "DIP", "TX_DEBUG", "", "C", 62.99, 62.99, 43.31, 270],
		[163, "H2_1", 107.48, 2039.76, "B", "DIP", "TX_DEBUG", "", "C", 62.99, 62.99, 43.31, 270],
		[164, "H2_2", 207.48, 2039.76, "T", "DIP", "+3.3V", "", "C", 62.99, 62.99, 43.31, 270],
		[165, "H2_2", 207.48, 2039.76, "B", "DIP", "+3.3V", "", "C", 62.99, 62.99, 43.31, 270],
		[166, "H2_3", 107.48, 1939.76, "T", "DIP", "PRG_ESP", "", "C", 62.99, 62.99, 43.31, 270],
		[167, "H2_3", 107.48, 1939.76, "B", "DIP", "PRG_ESP", "", "C", 62.99, 62.99, 43.31, 270],
		[168, "H2_4", 207.48, 1939.76, "T", "DIP", "RST_ESP", "", "C", 62.99, 62.99, 43.31, 270],
		[169, "H2_4", 207.48, 1939.76, "B", "DIP", "RST_ESP", "", "C", 62.99, 62.99, 43.31, 270],
		[170, "H2_5", 107.48, 1839.76, "T", "DIP", "H2_5", "", "C", 62.99, 62.99, 43.31, 270],
		[171, "H2_5", 107.48, 1839.76, "B", "DIP", "H2_5", "", "C", 62.99, 62.99, 43.31, 270],
		[172, "H2_6", 207.48, 1839.76, "T", "DIP", "H2_6", "", "C", 62.99, 62.99, 43.31, 270],
		[173, "H2_6", 207.48, 1839.76, "B", "DIP", "H2_6", "", "C", 62.99, 62.99, 43.31, 270],
		[174, "H2_7", 107.48, 1739.76, "T", "DIP", "GND", "GND", "R", 62.99, 62.99, 43.31, 270],
		[175, "H2_7", 107.48, 1739.76, "B", "DIP", "GND", "GND", "R", 62.99, 62.99, 43.31, 270],
		[176, "H2_8", 207.48, 1739.76, "T", "DIP", "RX_DEBUG", "", "C", 62.99, 62.99, 43.31, 270],
		[177, "H2_8", 207.48, 1739.76, "B", "DIP", "RX_DEBUG", "", "C", 62.99, 62.99, 43.31, 270],
		[178, "IN1_1", 804.95, 1862.75, "T", "DIP", "GND", "GND", "R", 78.74, 78.74, 47.24, 270],
		[179, "IN1_1", 804.95, 1862.75, "B", "DIP", "GND", "GND", "R", 78.74, 78.74, 47.24, 270],
		[180, "IN1_2", 804.95, 1762.75, "T", "DIP", "$3N39869", "", "C", 78.74, 78.74, 47.24, 270],
		[181, "IN1_2", 804.95, 1762.75, "B", "DIP", "$3N39869", "", "C", 78.74, 78.74, 47.24, 270],
		[182, "JP1_1", -49.21, 1859.75, "T", "SMD", "$1N143386", "", "R", 39.37, 41.34, 0, 0],
		[183, "JP1_2", -107.28, 1919.78, "T", "SMD", "GND", "GND", "R", 41.34, 86.61, 0, 0],
		[184, "JP1_3", 8.86, 1919.78, "T", "SMD", "GND", "GND", "R", 41.34, 86.61, 0, 0],
		[185, "L1_1", -46.21, 1736.21, "T", "SMD", "$1N92540", "", "R", 31.5, 34.02, 0, 0],
		[186, "L1_2", 8.91, 1736.21, "T", "SMD", "$1N143386", "", "R", 31.5, 34.02, 0, 0],
		[187, "L2_1", 905.51, 1419.27, "T", "SMD", "$3N2780", "", "R", 39.37, 86.61, 0, 90],
		[188, "L2_2", 905.51, 1494.11, "T", "SMD", "+5V", "", "R", 39.37, 86.61, 0, 90],
		[189, "L3_1", 905.51, 1366.16, "T", "SMD", "$3N44061", "", "R", 39.37, 86.61, 0, 270],
		[190, "L3_2", 905.51, 1291.32, "T", "SMD", "+3.3V", "", "R", 39.37, 86.61, 0, 270],
		[191, "LED1_1", 719.4, 2112.23, "T", "SMD", "+3.3V", "", "R", 31.5, 31.5, 0, 180],
		[192, "LED1_2", 719.4, 2045.23, "T", "SMD", "$1N106286", "", "R", 31.5, 31.5, 0, 180],
		[193, "LED2_1", -551.32, 2127.93, "T", "SMD", "GND", "GND", "R", 31.5, 31.5, 0, 0],
		[194, "LED2_2", -551.05, 2064.98, "T", "SMD", "$1N106279", "", "R", 31.5, 31.5, 0, 0],
		[195, "M1_1", -797.24, 698.82, "T", "SMD", "VCC", "", "R", 59.05, 19.7, 0, 180],
		[196, "M1_2", -797.24, 651.57, "T", "SMD", "M1_BMA1", "", "R", 59.05, 51.18, 0, 180],
		[197, "M1_2", -797.24, 494.09, "T", "SMD", "M1_BMA1", "", "R", 59.05, 51.18, 0, 180],
		[198, "M1_4", -797.24, 604.34, "T", "SMD", "VCC", "", "R", 59.05, 19.7, 0, 180],
		[199, "M1_5", -797.24, 557.09, "T", "SMD", "M1_BMA2", "", "R", 59.05, 51.18, 0, 180],
		[200, "M1_5", -797.24, 399.61, "T", "SMD", "M1_BMA2", "", "R", 59.05, 51.18, 0, 180],
		[201, "M1_9", -797.24, 446.85, "T", "SMD", "$3N1538", "", "R", 59.05, 19.7, 0, 180],
		[202, "M1_12", -718.5, 305.12, "T", "SMD", "$3N1535", "", "R", 19.7, 59.05, 0, 180],
		[203, "M1_13", -686.99, 305.12, "T", "SMD", "$3N1533", "", "R", 19.7, 59.05, 0, 180],
		[204, "M1_14", -655.51, 305.12, "T", "SMD", "MISO", "", "R", 19.7, 59.05, 0, 180],
		[205, "M1_15", -624.02, 305.12, "T", "SMD", "MOSI", "", "R", 19.7, 59.05, 0, 180],
		[206, "M1_16", -592.52, 305.12, "T", "SMD", "SCK", "", "R", 19.7, 59.05, 0, 180],
		[207, "M1_17", -561.02, 305.12, "T", "SMD", "GND", "GND", "R", 19.7, 59.05, 0, 180],
		[208, "M1_18", -529.53, 305.12, "T", "SMD", "M1_CS", "", "R", 19.7, 59.05, 0, 180],
		[209, "M1_19", -498.02, 305.12, "T", "SMD", "M1_ENA", "", "R", 19.7, 59.05, 0, 180],
		[210, "M1_20", -466.54, 305.12, "T", "SMD", "M1_20", "", "R", 19.7, 59.05, 0, 180],
		[211, "M1_21", -435.04, 305.12, "T", "SMD", "GND", "GND", "R", 19.7, 59.05, 0, 180],
		[212, "M1_22", -403.54, 305.12, "T", "SMD", "$3N1534", "", "R", 19.7, 59.05, 0, 180],
		[213, "M1_23", -324.8, 399.61, "T", "SMD", "M1_BMB2", "", "R", 59.05, 51.18, 0, 180],
		[214, "M1_23", -324.8, 557.09, "T", "SMD", "M1_BMB2", "", "R", 59.05, 51.18, 0, 180],
		[215, "M1_25", -324.8, 446.85, "T", "SMD", "$3N1537", "", "R", 59.05, 19.7, 0, 180],
		[216, "M1_26", -324.8, 494.09, "T", "SMD", "M1_BMB1", "", "R", 59.05, 51.18, 0, 180],
		[217, "M1_26", -324.8, 651.57, "T", "SMD", "M1_BMB1", "", "R", 59.05, 51.18, 0, 180],
		[218, "M1_30", -324.8, 604.34, "T", "SMD", "VCC", "", "R", 59.05, 19.7, 0, 180],
		[219, "M1_33", -324.8, 698.82, "T", "SMD", "VCC", "", "R", 59.05, 19.7, 0, 180],
		[220, "M1_34", -403.54, 777.56, "T", "SMD", "VCC", "", "R", 19.7, 59.05, 0, 180],
		[221, "M1_35", -435.04, 777.56, "T", "SMD", "$3N1531", "", "R", 19.7, 59.05, 0, 180],
		[222, "M1_36", -466.54, 777.56, "T", "SMD", "VCC", "", "R", 19.7, 59.05, 0, 180],
		[223, "M1_37", -498.02, 777.56, "T", "SMD", "M1_37", "", "R", 19.7, 59.05, 0, 180],
		[224, "M1_38", -529.53, 777.56, "T", "SMD", "M1_38", "", "R", 19.7, 59.05, 0, 180],
		[225, "M1_39", -561.02, 777.56, "T", "SMD", "GND", "GND", "R", 19.7, 59.05, 0, 180],
		[226, "M1_40", -592.52, 777.56, "T", "SMD", "+3.3V", "", "R", 19.7, 59.05, 0, 180],
		[227, "M1_41", -624.02, 777.56, "T", "SMD", "M1_DIR", "", "R", 19.7, 59.05, 0, 180],
		[228, "M1_42", -655.51, 777.56, "T", "SMD", "M1_STEP", "", "R", 19.7, 59.05, 0, 180],
		[229, "M1_43", -686.99, 777.56, "T", "SMD", "GND", "GND", "R", 19.7, 59.05, 0, 180],
		[230, "M1_44", -718.5, 777.56, "T", "SMD", "GND", "GND", "R", 19.7, 59.05, 0, 180],
		[231, "M2_1", 324.8, 698.82, "T", "SMD", "VCC", "", "R", 59.05, 19.7, 0, 180],
		[232, "M2_2", 324.8, 651.57, "T", "SMD", "M2_BMA1", "", "R", 59.05, 51.18, 0, 180],
		[233, "M2_2", 324.8, 494.09, "T", "SMD", "M2_BMA1", "", "R", 59.05, 51.18, 0, 180],
		[234, "M2_4", 324.8, 604.34, "T", "SMD", "VCC", "", "R", 59.05, 19.7, 0, 180],
		[235, "M2_5", 324.8, 557.09, "T", "SMD", "M2_BMA2", "", "R", 59.05, 51.18, 0, 180],
		[236, "M2_5", 324.8, 399.61, "T", "SMD", "M2_BMA2", "", "R", 59.05, 51.18, 0, 180],
		[237, "M2_9", 324.8, 446.85, "T", "SMD", "$3N1557", "", "R", 59.05, 19.7, 0, 180],
		[238, "M2_12", 403.54, 305.12, "T", "SMD", "$3N1554", "", "R", 19.7, 59.05, 0, 180],
		[239, "M2_13", 435.05, 305.12, "T", "SMD", "$3N1553", "", "R", 19.7, 59.05, 0, 180],
		[240, "M2_14", 466.54, 305.12, "T", "SMD", "MISO", "", "R", 19.7, 59.05, 0, 180],
		[241, "M2_15", 498.02, 305.12, "T", "SMD", "MOSI", "", "R", 19.7, 59.05, 0, 180],
		[242, "M2_16", 529.53, 305.12, "T", "SMD", "SCK", "", "R", 19.7, 59.05, 0, 180],
		[243, "M2_17", 561.02, 305.12, "T", "SMD", "GND", "GND", "R", 19.7, 59.05, 0, 180],
		[244, "M2_18", 592.52, 305.12, "T", "SMD", "M2_CS", "", "R", 19.7, 59.05, 0, 180],
		[245, "M2_19", 624.02, 305.12, "T", "SMD", "M2_ENA", "", "R", 19.7, 59.05, 0, 180],
		[246, "M2_20", 655.51, 305.12, "T", "SMD", "M2_20", "", "R", 19.7, 59.05, 0, 180],
		[247, "M2_21", 687.01, 305.12, "T", "SMD", "GND", "GND", "R", 19.7, 59.05, 0, 180],
		[248, "M2_22", 718.5, 305.12, "T", "SMD", "$3N1555", "", "R", 19.7, 59.05, 0, 180],
		[249, "M2_23", 797.24, 399.61, "T", "SMD", "M2_BMB2", "", "R", 59.05, 51.18, 0, 180],
		[250, "M2_23", 797.24, 557.09, "T", "SMD", "M2_BMB2", "", "R", 59.05, 51.18, 0, 180],
		[251, "M2_25", 797.24, 446.85, "T", "SMD", "$3N1558", "", "R", 59.05, 19.7, 0, 180],
		[252, "M2_26", 797.24, 494.09, "T", "SMD", "M2_BMB1", "", "R", 59.05, 51.18, 0, 180],
		[253, "M2_26", 797.24, 651.57, "T", "SMD", "M2_BMB1", "", "R", 59.05, 51.18, 0, 180],
		[254, "M2_30", 797.24, 604.34, "T", "SMD", "VCC", "", "R", 59.05, 19.7, 0, 180],
		[255, "M2_33", 797.24, 698.82, "T", "SMD", "VCC", "", "R", 59.05, 19.7, 0, 180],
		[256, "M2_34", 718.5, 777.56, "T", "SMD", "VCC", "", "R", 19.7, 59.05, 0, 180],
		[257, "M2_35", 687.01, 777.56, "T", "SMD", "$3N1552", "", "R", 19.7, 59.05, 0, 180],
		[258, "M2_36", 655.51, 777.56, "T", "SMD", "VCC", "", "R", 19.7, 59.05, 0, 180],
		[259, "M2_37", 624.02, 777.56, "T", "SMD", "M2_37", "", "R", 19.7, 59.05, 0, 180],
		[260, "M2_38", 592.52, 777.56, "T", "SMD", "M2_38", "", "R", 19.7, 59.05, 0, 180],
		[261, "M2_39", 561.02, 777.56, "T", "SMD", "GND", "GND", "R", 19.7, 59.05, 0, 180],
		[262, "M2_40", 529.53, 777.56, "T", "SMD", "+3.3V", "", "R", 19.7, 59.05, 0, 180],
		[263, "M2_41", 498.02, 777.56, "T", "SMD", "M2_DIR", "", "R", 19.7, 59.05, 0, 180],
		[264, "M2_42", 466.54, 777.56, "T", "SMD", "M2_STEP", "", "R", 19.7, 59.05, 0, 180],
		[265, "M2_43", 435.05, 777.56, "T", "SMD", "GND", "GND", "R", 19.7, 59.05, 0, 180],
		[266, "M2_44", 403.54, 777.56, "T", "SMD", "GND", "GND", "R", 19.7, 59.05, 0, 180],
		[267, "MOT1_1", -698.82, 108.27, "T", "DIP", "M1_BMA1", "", "C", 82.68, 82.68, 51.18, 0],
		[268, "MOT1_1", -698.82, 108.27, "B", "DIP", "M1_BMA1", "", "C", 82.68, 82.68, 51.18, 0],
		[269, "MOT1_2", -561.03, 108.27, "T", "DIP", "M1_BMA2", "", "C", 82.68, 82.68, 51.18, 0],
		[270, "MOT1_2", -561.03, 108.27, "B", "DIP", "M1_BMA2", "", "C", 82.68, 82.68, 51.18, 0],
		[271, "MOT1_3", -423.23, 108.27, "T", "DIP", "M1_BMB2", "", "C", 82.68, 82.68, 51.18, 0],
		[272, "MOT1_3", -423.23, 108.27, "B", "DIP", "M1_BMB2", "", "C", 82.68, 82.68, 51.18, 0],
		[273, "MOT1_4", -285.44, 108.27, "T", "DIP", "M1_BMB1", "", "C", 82.68, 82.68, 51.18, 0],
		[274, "MOT1_4", -285.44, 108.27, "B", "DIP", "M1_BMB1", "", "C", 82.68, 82.68, 51.18, 0],
		[275, "MOT2_1", 285.44, 108.27, "T", "DIP", "M2_BMA1", "", "C", 82.68, 82.68, 51.18, 0],
		[276, "MOT2_1", 285.44, 108.27, "B", "DIP", "M2_BMA1", "", "C", 82.68, 82.68, 51.18, 0],
		[277, "MOT2_2", 423.23, 108.27, "T", "DIP", "M2_BMA2", "", "C", 82.68, 82.68, 51.18, 0],
		[278, "MOT2_2", 423.23, 108.27, "B", "DIP", "M2_BMA2", "", "C", 82.68, 82.68, 51.18, 0],
		[279, "MOT2_3", 561.03, 108.27, "T", "DIP", "M2_BMB2", "", "C", 82.68, 82.68, 51.18, 0],
		[280, "MOT2_3", 561.03, 108.27, "B", "DIP", "M2_BMB2", "", "C", 82.68, 82.68, 51.18, 0],
		[281, "MOT2_4", 698.82, 108.27, "T", "DIP", "M2_BMB1", "", "C", 82.68, 82.68, 51.18, 0],
		[282, "MOT2_4", 698.82, 108.27, "B", "DIP", "M2_BMB1", "", "C", 82.68, 82.68, 51.18, 0],
		[283, "MX1_1", 124.01, 1185.11, "T", "SMD", "GND", "GND", "P", 122.05, 122.05, 0, 0],
		[284, "MX1_1", -23.7, 1167.32, "T", "SMD", "GND", "GND", "P", 122.05, 122.05, 0, 0],
		[285, "MX1_1", -5.91, 1019.61, "T", "SMD", "GND", "GND", "P", 122.05, 122.05, 0, 0],
		[286, "MX1_1", 141.8, 1037.4, "T", "SMD", "GND", "GND", "P", 122.05, 122.05, 0, 0],
		[287, "PS1_1", 915.35, 2119.29, "T", "DIP", "$3N39927", "", "C", 60, 60, 36, 270],
		[288, "PS1_1", 915.35, 2119.29, "B", "DIP", "$3N39927", "", "C", 60, 60, 36, 270],
		[289, "PS1_2", 815.35, 2119.29, "T", "DIP", "$3N39927", "", "C", 60, 60, 36, 270],
		[290, "PS1_2", 815.35, 2119.29, "B", "DIP", "$3N39927", "", "C", 60, 60, 36, 270],
		[291, "PS1_4", 915.35, 1719.29, "T", "DIP", "$3N39869", "", "C", 60, 60, 36, 270],
		[292, "PS1_4", 915.35, 1719.29, "B", "DIP", "$3N39869", "", "C", 60, 60, 36, 270],
		[293, "PS1_5", 915.35, 1819.29, "T", "DIP", "$3N39858", "", "C", 60, 60, 36, 270],
		[294, "PS1_5", 915.35, 1819.29, "B", "DIP", "$3N39858", "", "C", 60, 60, 36, 270],
		[295, "PS1_6", 915.35, 1919.29, "T", "DIP", "PS1_6", "", "C", 60, 60, 36, 270],
		[296, "PS1_6", 915.35, 1919.29, "B", "DIP", "PS1_6", "", "C", 60, 60, 36, 270],
		[297, "R1_1", -374.02, 1269.82, "T", "SMD", "M1_ENCA_IN", "", "R", 31.75, 34.02, 0, 270],
		[298, "R1_2", -374.02, 1210.5, "T", "SMD", "M1_ENCA", "", "R", 31.75, 34.02, 0, 270],
		[299, "R2_1", -403.54, 1082.54, "T", "SMD", "M1_ENCB_IN", "", "R", 31.75, 34.02, 0, 90],
		[300, "R2_2", -403.54, 1141.86, "T", "SMD", "M1_ENCB", "", "R", 31.75, 34.02, 0, 90],
		[301, "R3_1", -423.23, 1210.5, "T", "SMD", "M1_ENCA", "", "R", 31.75, 34.02, 0, 90],
		[302, "R3_2", -423.23, 1269.82, "T", "SMD", "GND", "GND", "R", 31.75, 34.02, 0, 90],
		[303, "R4_1", -452.76, 1141.86, "T", "SMD", "M1_ENCB", "", "R", 31.75, 34.02, 0, 270],
		[304, "R4_2", -452.76, 1082.54, "T", "SMD", "GND", "GND", "R", 31.75, 34.02, 0, 270],
		[305, "R5_1", -875.98, 1741.99, "T", "SMD", "GND", "GND", "R", 31.75, 34.02, 0, 90],
		[306, "R5_2", -875.98, 1801.31, "T", "SMD", "$1N104745", "", "R", 31.75, 34.02, 0, 90],
		[307, "R6_1", -531.5, 1640.75, "T", "SMD", "+3.3V", "", "R", 22.27, 21.26, 0, 90],
		[308, "R6_2", -531.5, 1674.83, "T", "SMD", "TX_REMOTE", "", "R", 22.27, 21.26, 0, 90],
		[309, "R7_1", -570.87, 1640.75, "T", "SMD", "$1N74186", "", "R", 22.27, 21.26, 0, 90],
		[310, "R7_2", -570.87, 1674.83, "T", "SMD", "TX_REMOTE", "", "R", 22.27, 21.26, 0, 90],
		[311, "R8_1", -607.59, 1714.09, "T", "SMD", "$1N74185", "", "R", 22.27, 21.26, 0, 0],
		[312, "R8_2", -573.51, 1714.09, "T", "SMD", "RX_REMOTE", "", "R", 22.27, 21.26, 0, 0],
		[313, "R9_1", -669.29, 1801.31, "T", "SMD", "$1N104749", "", "R", 31.75, 34.02, 0, 270],
		[314, "R9_2", -669.29, 1741.99, "T", "SMD", "GND", "GND", "R", 31.75, 34.02, 0, 270],
		[315, "R10_1", -472.44, 1269.82, "T", "SMD", "M2_ENCA_IN", "", "R", 31.75, 34.02, 0, 270],
		[316, "R10_2", -472.44, 1210.5, "T", "SMD", "M2_ENCA", "", "R", 31.75, 34.02, 0, 270],
		[317, "R11_1", -305.12, 1082.54, "T", "SMD", "M2_ENCB_IN", "", "R", 31.75, 34.02, 0, 90],
		[318, "R11_2", -305.12, 1141.86, "T", "SMD", "M2_ENCB", "", "R", 31.75, 34.02, 0, 90],
		[319, "R12_1", 719.4, 1976.61, "T", "SMD", "$1N106286", "", "R", 31.75, 34.02, 0, 270],
		[320, "R12_2", 719.4, 1917.29, "T", "SMD", "GND", "GND", "R", 31.75, 34.02, 0, 270],
		[321, "R13_1", -521.65, 1210.5, "T", "SMD", "M2_ENCA", "", "R", 31.75, 34.02, 0, 90],
		[322, "R13_2", -521.65, 1269.82, "T", "SMD", "GND", "GND", "R", 31.75, 34.02, 0, 90],
		[323, "R14_1", -354.33, 1141.86, "T", "SMD", "M2_ENCB", "", "R", 31.75, 34.02, 0, 270],
		[324, "R14_2", -354.33, 1082.54, "T", "SMD", "GND", "GND", "R", 31.75, 34.02, 0, 270],
		[325, "R17_1", -498.38, 1536.24, "T", "SMD", "$3N2384", "", "R", 31.75, 34.02, 0, 90],
		[326, "R17_2", -498.38, 1595.56, "T", "SMD", "VBAT", "", "R", 31.75, 34.02, 0, 90],
		[327, "R18_1", 327.45, 1683.07, "T", "SMD", "GND", "GND", "R", 22.27, 21.26, 0, 0],
		[328, "R18_2", 361.53, 1683.07, "T", "SMD", "$3N39858", "", "R", 22.27, 21.26, 0, 0],
		[329, "R20_1", -868.46, 393.7, "T", "SMD", "$3N1538", "", "R", 50.49, 110.55, 0, 180],
		[330, "R20_2", -981.94, 393.7, "T", "SMD", "GND", "GND", "R", 50.49, 110.55, 0, 180],
		[331, "R21_1", -757.74, 305.12, "T", "SMD", "$3N1535", "", "R", 31.75, 34.02, 0, 180],
		[332, "R21_2", -817.06, 305.12, "T", "SMD", "$3N1538", "", "R", 31.75, 34.02, 0, 180],
		[333, "R22_1", -340.8, 301.2, "T", "SMD", "$3N1534", "", "R", 31.75, 34.02, 0, 0],
		[334, "R22_2", -281.48, 301.2, "T", "SMD", "$3N1537", "", "R", 31.75, 34.02, 0, 0],
		[335, "R23_1", -253.59, 393.7, "T", "SMD", "$3N1537", "", "R", 50.49, 110.55, 0, 0],
		[336, "R23_2", -140.11, 393.7, "T", "SMD", "GND", "GND", "R", 50.49, 110.55, 0, 0],
		[337, "R26_1", 253.59, 393.7, "T", "SMD", "$3N1557", "", "R", 50.49, 110.55, 0, 180],
		[338, "R26_2", 140.11, 393.7, "T", "SMD", "GND", "GND", "R", 50.49, 110.55, 0, 180],
		[339, "R27_1", 364.31, 305.12, "T", "SMD", "$3N1554", "", "R", 31.75, 34.02, 0, 180],
		[340, "R27_2", 304.99, 305.12, "T", "SMD", "$3N1557", "", "R", 31.75, 34.02, 0, 180],
		[341, "R28_1", 868.46, 393.7, "T", "SMD", "$3N1558", "", "R", 50.49, 110.55, 0, 0],
		[342, "R28_2", 981.94, 393.7, "T", "SMD", "GND", "GND", "R", 50.49, 110.55, 0, 0],
		[343, "R29_1", 781.23, 303.46, "T", "SMD", "$3N1555", "", "R", 31.75, 34.02, 0, 0],
		[344, "R29_2", 840.55, 303.46, "T", "SMD", "$3N1558", "", "R", 31.75, 34.02, 0, 0],
		[345, "R31_1", 321.82, 1397.51, "T", "SMD", "GND", "GND", "R", 31.75, 34.02, 0, 90],
		[346, "R31_2", 321.82, 1456.83, "T", "SMD", "$3N40420", "", "R", 31.75, 34.02, 0, 90],
		[347, "R32_1", 374.02, 1377.82, "T", "SMD", "GND", "GND", "R", 31.75, 34.02, 0, 90],
		[348, "R32_2", 374.02, 1437.14, "T", "SMD", "$3N40219", "", "R", 31.75, 34.02, 0, 90],
		[349, "R35_1", -550.97, 1958.53, "T", "SMD", "LED", "", "R", 31.75, 34.02, 0, 90],
		[350, "R35_2", -550.97, 2017.85, "T", "SMD", "$1N106279", "", "R", 31.75, 34.02, 0, 90],
		[351, "U1_1", -936.03, 895.67, "T", "SMD", "GND", "GND", "P", 61.02, 11.81, 0, 270],
		[352, "U1_1", -905.51, 852.36, "T", "SMD", "GND", "GND", "P", 108.27, 47.24, 0, 270],
		[353, "U1_2", -638.78, 905.51, "T", "SMD", "+3.3V", "", "P", 61.02, 11.82, 0, 270],
		[354, "U1_3", -936.03, 915.35, "T", "SMD", "D+", "", "P", 61.02, 11.81, 0, 270],
		[355, "U1_4", -638.78, 925.2, "T", "SMD", "U1_4", "", "P", 61.02, 11.81, 0, 270],
		[356, "U1_5", -936.03, 935.04, "T", "SMD", "D-", "", "P", 61.02, 11.81, 0, 270],
		[357, "U1_6", -638.78, 944.88, "T", "SMD", "U1_6", "", "P", 61.02, 11.82, 0, 270],
		[358, "U1_7", -936.03, 954.72, "T", "SMD", "GND", "GND", "P", 61.02, 11.81, 0, 270],
		[359, "U1_8", -638.78, 964.57, "T", "SMD", "U1_8", "", "P", 61.02, 11.81, 0, 270],
		[360, "U1_9", -936.03, 974.41, "T", "SMD", "VUSB_IN", "", "P", 61.02, 11.81, 0, 270],
		[361, "U1_10", -638.78, 984.25, "T", "SMD", "M1_ENCX", "", "P", 61.02, 11.82, 0, 270],
		[362, "U1_11", -936.03, 994.09, "T", "SMD", "U1_11", "", "P", 61.02, 11.81, 0, 270],
		[363, "U1_12", -638.78, 1003.93, "T", "SMD", "U1_12", "", "P", 61.02, 11.81, 0, 270],
		[364, "U1_13", -936.03, 1013.78, "T", "SMD", "U1_13", "", "P", 61.02, 11.81, 0, 270],
		[365, "U1_14", -638.78, 1023.62, "T", "SMD", "U1_14", "", "P", 61.02, 11.82, 0, 270],
		[366, "U1_15", -936.03, 1033.46, "T", "SMD", "U1_15", "", "P", 61.02, 11.81, 0, 270],
		[367, "U1_16", -638.78, 1043.3, "T", "SMD", "U1_16", "", "P", 61.02, 11.81, 0, 270],
		[368, "U1_17", -936.03, 1053.15, "T", "SMD", "$1N74186", "", "P", 61.02, 11.81, 0, 270],
		[369, "U1_18", -638.78, 1062.99, "T", "SMD", "PPS", "", "P", 61.02, 11.82, 0, 270],
		[370, "U1_19", -936.03, 1072.83, "T", "SMD", "$1N74185", "", "P", 61.02, 11.81, 0, 270],
		[371, "U1_20", -638.78, 1082.68, "T", "SMD", "RX_GPS", "", "P", 61.02, 11.81, 0, 270],
		[372, "U1_21", -936.03, 1092.52, "T", "SMD", "U1_21", "", "P", 61.02, 11.81, 0, 270],
		[373, "U1_22", -638.78, 1102.36, "T", "SMD", "TX_GPS", "", "P", 61.02, 11.82, 0, 270],
		[374, "U1_23", -936.03, 1112.2, "T", "SMD", "U1_23", "", "P", 61.02, 11.81, 0, 270],
		[375, "U1_32", -638.78, 1200.78, "T", "SMD", "M2_ENCX", "", "P", 61.02, 11.81, 0, 270],
		[376, "U1_33", -936.03, 1210.63, "T", "SMD", "GND", "GND", "P", 61.02, 11.81, 0, 270],
		[377, "U1_34", -638.78, 1220.47, "T", "SMD", "U1_34", "", "P", 61.02, 11.82, 0, 270],
		[378, "U1_35", -936.03, 1230.31, "T", "SMD", "U1_35", "", "P", 61.02, 11.81, 0, 270],
		[379, "U1_36", -638.78, 1240.15, "T", "SMD", "GND", "GND", "P", 61.02, 11.81, 0, 270],
		[380, "U1_37", -936.03, 1250, "T", "SMD", "U1_37", "", "P", 61.02, 11.81, 0, 270],
		[381, "U1_38", -638.78, 1259.84, "T", "SMD", "U1_38", "", "P", 61.02, 11.82, 0, 270],
		[382, "U1_39", -936.03, 1269.68, "T", "SMD", "GND", "GND", "P", 61.02, 11.81, 0, 270],
		[383, "U1_40", -638.78, 1279.53, "T", "SMD", "M2_STEP", "", "P", 61.02, 11.81, 0, 270],
		[384, "U1_41", -936.03, 1289.37, "T", "SMD", "M1_ENCB", "", "P", 61.02, 11.81, 0, 270],
		[385, "U1_42", -638.78, 1299.21, "T", "SMD", "M2_DIR", "", "P", 61.02, 11.82, 0, 270],
		[386, "U1_43", -936.03, 1309.05, "T", "SMD", "M2_ENCB", "", "P", 61.02, 11.81, 0, 270],
		[387, "U1_44", -638.78, 1318.9, "T", "SMD", "M2_ENA", "", "P", 61.02, 11.81, 0, 270],
		[388, "U1_45", -936.03, 1328.74, "T", "SMD", "GND", "GND", "P", 61.02, 11.81, 0, 270],
		[389, "U1_46", -638.78, 1338.58, "T", "SMD", "M2_CS", "", "P", 61.02, 11.82, 0, 270],
		[390, "U1_47", -936.03, 1348.42, "T", "SMD", "M1_ENCA", "", "P", 61.02, 11.81, 0, 270],
		[391, "U1_48", -638.78, 1358.26, "T", "SMD", "U1_48", "", "P", 61.02, 11.81, 0, 270],
		[392, "U1_49", -936.03, 1368.11, "T", "SMD", "M1_STEP", "", "P", 61.02, 11.81, 0, 270],
		[393, "U1_50", -638.78, 1377.95, "T", "SMD", "U1_50", "", "P", 61.02, 11.82, 0, 270],
		[394, "U1_51", -936.03, 1387.79, "T", "SMD", "M1_DIR", "", "P", 61.02, 11.81, 0, 270],
		[395, "U1_52", -638.78, 1397.63, "T", "SMD", "U1_52", "", "P", 61.02, 11.81, 0, 270],
		[396, "U1_53", -936.03, 1407.48, "T", "SMD", "M1_ENA", "", "P", 61.02, 11.81, 0, 270],
		[397, "U1_54", -638.78, 1417.32, "T", "SMD", "TX_DEBUG", "", "P", 61.02, 11.82, 0, 270],
		[398, "U1_55", -936.03, 1427.16, "T", "SMD", "M1_CS", "", "P", 61.02, 11.81, 0, 270],
		[399, "U1_56", -638.78, 1437, "T", "SMD", "RX_DEBUG", "", "P", 61.02, 11.81, 0, 270],
		[400, "U1_57", -936.03, 1446.85, "T", "SMD", "SCK", "", "P", 61.02, 11.81, 0, 270],
		[401, "U1_58", -638.78, 1456.69, "T", "SMD", "RST_ESP", "", "P", 61.02, 11.82, 0, 270],
		[402, "U1_59", -936.03, 1466.53, "T", "SMD", "MOSI", "", "P", 61.02, 11.81, 0, 270],
		[403, "U1_60", -638.78, 1476.38, "T", "SMD", "PRG_ESP", "", "P", 61.02, 11.81, 0, 270],
		[404, "U1_61", -936.03, 1486.22, "T", "SMD", "MISO", "", "P", 61.02, 11.81, 0, 270],
		[405, "U1_62", -638.78, 1496.06, "T", "SMD", "LED", "", "P", 61.02, 11.82, 0, 270],
		[406, "U1_63", -936.03, 1505.9, "T", "SMD", "M2_ENCA", "", "P", 61.02, 11.81, 0, 270],
		[407, "U1_64", -638.78, 1515.75, "T", "SMD", "U1_64", "", "P", 61.02, 11.81, 0, 270],
		[408, "U1_65", -936.03, 1525.59, "T", "SMD", "U1_65", "", "P", 61.02, 11.81, 0, 270],
		[409, "U1_66", -638.78, 1535.43, "T", "SMD", "U1_66", "", "P", 61.02, 11.82, 0, 270],
		[410, "U1_67", -936.03, 1545.27, "T", "SMD", "U1_67", "", "P", 61.02, 11.81, 0, 270],
		[411, "U1_68", -638.78, 1555.11, "T", "SMD", "U1_68", "", "P", 61.02, 11.81, 0, 270],
		[412, "U1_69", -936.03, 1564.96, "T", "SMD", "U1_69", "", "P", 61.02, 11.81, 0, 270],
		[413, "U1_70", -638.78, 1574.8, "T", "SMD", "U1_70", "", "P", 61.02, 11.82, 0, 270],
		[414, "U1_71", -936.03, 1584.64, "T", "SMD", "U1_71", "", "P", 61.02, 11.81, 0, 270],
		[415, "U1_72", -638.78, 1594.48, "T", "SMD", "VBAT", "", "P", 61.02, 11.81, 0, 270],
		[416, "U1_73", -936.03, 1604.33, "T", "SMD", "U1_73", "", "P", 61.02, 11.81, 0, 270],
		[417, "U1_74", -638.78, 1614.17, "T", "SMD", "+3.3V", "", "P", 61.02, 11.82, 0, 270],
		[418, "U1_75", -905.51, 1667.32, "T", "SMD", "GND", "GND", "P", 108.27, 47.24, 0, 270],
		[419, "U1_75", -936.03, 1624.01, "T", "SMD", "GND", "GND", "P", 61.02, 11.81, 0, 270],
		[420, "U3_1", -297.08, 1280.9, "T", "SMD", "GND", "GND", "O", 27.56, 69.8, 0, 0],
		[421, "U3_2", -253.77, 1280.9, "T", "SMD", "RX_GPS", "", "O", 27.56, 69.8, 0, 0],
		[422, "U3_3", -210.46, 1280.9, "T", "SMD", "TX_GPS", "", "O", 27.56, 69.8, 0, 0],
		[423, "U3_4", -167.16, 1280.9, "T", "SMD", "PPS", "", "O", 27.56, 69.8, 0, 0],
		[424, "U3_5", -123.85, 1280.9, "T", "SMD", "U3_5", "", "O", 27.56, 69.8, 0, 0],
		[425, "U3_6", -80.54, 1280.9, "T", "SMD", "VBAT", "", "O", 27.56, 69.8, 0, 0],
		[426, "U3_7", -37.24, 1280.9, "T", "SMD", "U3_7", "", "O", 27.56, 69.8, 0, 0],
		[427, "U3_8", 6.07, 1280.9, "T", "SMD", "+3.3V", "", "O", 27.56, 69.8, 0, 0],
		[428, "U3_9", 49.38, 1280.9, "T", "SMD", "U3_9", "", "O", 27.56, 69.8, 0, 0],
		[429, "U3_10", 49.38, 1659.76, "T", "SMD", "GND", "GND", "O", 27.56, 69.8, 0, 0],
		[430, "U3_11", 6.07, 1659.76, "T", "SMD", "$1N143386", "", "O", 27.56, 69.8, 0, 0],
		[431, "U3_12", -37.24, 1659.76, "T", "SMD", "GND", "GND", "O", 27.56, 69.8, 0, 0],
		[432, "U3_13", -80.54, 1659.76, "T", "SMD", "U3_13", "", "O", 27.56, 69.8, 0, 0],
		[433, "U3_14", -123.85, 1659.76, "T", "SMD", "$1N92540", "", "O", 27.56, 69.8, 0, 0],
		[434, "U3_15", -167.16, 1659.76, "T", "SMD", "U3_15", "", "O", 27.56, 69.8, 0, 0],
		[435, "U3_16", -210.46, 1659.76, "T", "SMD", "U3_16", "", "O", 27.56, 69.8, 0, 0],
		[436, "U3_17", -253.77, 1659.76, "T", "SMD", "U3_17", "", "O", 27.56, 69.8, 0, 0],
		[437, "U3_18", -297.08, 1659.76, "T", "SMD", "U3_18", "", "O", 27.56, 69.8, 0, 0],
		[438, "U7_1", 655.51, 1523.62, "T", "SMD", "+5V", "", "R", 21.65, 43.31, 0, 270],
		[439, "U7_2", 655.51, 1486.22, "T", "SMD", "VCC", "", "R", 21.65, 43.31, 0, 270],
		[440, "U7_3", 655.51, 1448.82, "T", "SMD", "VCC", "", "R", 21.65, 43.31, 0, 270],
		[441, "U7_4", 761.81, 1448.82, "T", "SMD", "GND", "GND", "R", 21.65, 43.31, 0, 270],
		[442, "U7_5", 761.81, 1486.22, "T", "SMD", "$3N2780", "", "R", 21.65, 43.31, 0, 270],
		[443, "U7_6", 761.81, 1523.62, "T", "SMD", "$3N23825", "", "R", 21.65, 43.31, 0, 270],
		[444, "U8_1", 441.93, 1649.6, "T", "SMD", "$3N39869", "", "R", 53.15, 23.62, 0, 0],
		[445, "U8_1", 461.63, 1649.6, "T", "SMD", "$3N39869", "", "R", 13.78, 23.62, 0, 0],
		[446, "U8_2", 441.95, 1649.6, "T", "SMD", "$3N39869", "", "R", 13.78, 23.62, 0, 0],
		[447, "U8_3", 422.26, 1649.6, "T", "SMD", "$3N39869", "", "R", 13.78, 23.62, 0, 0],
		[448, "U8_4", 400.61, 1649.6, "T", "SMD", "$3N39858", "", "R", 13.78, 23.62, 0, 0],
		[449, "U8_5", 380.89, 1649.6, "T", "SMD", "U8_5", "", "R", 13.78, 23.62, 0, 0],
		[450, "U8_6", 361.21, 1649.6, "T", "SMD", "GND", "GND", "R", 13.78, 23.62, 0, 0],
		[451, "U8_7", 325.78, 1614.17, "T", "SMD", "$3N39977", "", "R", 13.78, 23.62, 0, 90],
		[452, "U8_8", 325.78, 1594.48, "T", "SMD", "U8_8", "", "R", 13.78, 23.62, 0, 90],
		[453, "U8_9", 325.78, 1574.8, "T", "SMD", "U8_9", "", "R", 13.78, 23.62, 0, 90],
		[454, "U8_10", 325.78, 1555.11, "T", "SMD", "U8_10", "", "R", 13.78, 23.62, 0, 90],
		[455, "U8_11", 325.78, 1535.43, "T", "SMD", "U8_11", "", "R", 13.78, 23.62, 0, 90],
		[456, "U8_12", 361.21, 1500, "T", "SMD", "$3N40264", "", "R", 13.78, 23.62, 0, 180],
		[457, "U8_13", 380.89, 1500, "T", "SMD", "$3N40420", "", "R", 13.78, 23.62, 0, 180],
		[458, "U8_14", 400.61, 1500, "T", "SMD", "$3N40219", "", "R", 13.78, 23.62, 0, 180],
		[459, "U8_15", 422.26, 1500, "T", "SMD", "VCC", "", "R", 13.78, 23.62, 0, 0],
		[460, "U8_16", 441.95, 1500, "T", "SMD", "VCC", "", "R", 13.78, 23.62, 0, 0],
		[461, "U8_17", 441.9, 1500, "T", "SMD", "VCC", "", "R", 53.15, 23.62, 0, 0],
		[462, "U8_17", 461.63, 1500, "T", "SMD", "VCC", "", "R", 13.78, 23.62, 0, 0],
		[463, "U8_18", 408.45, 1574.8, "T", "SMD", "U8_18", "", "R", 117.13, 102.36, 0, 0],
		[464, "U9_1", 661.42, 1395.67, "T", "SMD", "+3.3V", "", "R", 21.65, 43.31, 0, 90],
		[465, "U9_2", 661.42, 1358.27, "T", "SMD", "VCC", "", "R", 21.65, 43.31, 0, 90],
		[466, "U9_3", 661.42, 1320.87, "T", "SMD", "VCC", "", "R", 21.65, 43.31, 0, 90],
		[467, "U9_4", 755.9, 1320.87, "T", "SMD", "GND", "GND", "R", 21.65, 43.31, 0, 90],
		[468, "U9_5", 755.9, 1358.27, "T", "SMD", "$3N44061", "", "R", 21.65, 43.31, 0, 90],
		[469, "U9_6", 755.9, 1395.67, "T", "SMD", "$3N44065", "", "R", 21.65, 43.31, 0, 90]
	]
}
}