{
"lengthUnit": "mil",
"components": {
	"fields": ["COMPONENT_NO", "COMPONENT_NAME", "LAYER", "X_COORDINATE", "Y_COORDINATE", "ANGLE"],
	"rows": [
		[1, "1W1", "T", 562.99, -1807.09, 90],
		[2, "1W2", "T", 917.32, -1807.09, 90],
		[3, "C4", "T", 1070, -1365, 90],
		[4, "C5", "T", 388.39, -742.04, 270],
		[5, "C6", "T", 473.39, -742.04, 270],
		[6, "C7", "T", 538.39, -747.04, 270],
		[7, "C8", "T", 845, -630, 270],
		[8, "C9", "T", 567.22, -498.77, 90],
		[9, "C10", "T", 120, -650, 90],
		[10, "C11", "T", 240, -650, 90],
		[11, "C12", "T", 805, -375, 270],
		[12, "C13", "T", 715.32, -402.81, 0],
		[13, "C16", "T", 2490, -1350, 270],
		[14, "C19", "T", 140, -1420, 90],
		[15, "C20", "T", 140, -955, 90],
		[16, "C21", "T", 1065, -510, 180],
		[17, "C22", "T", 1065, -595, 180],
		[18, "C23", "T", 1060, -665, 180],
		[19, "C24", "T", 1135, -975, 180],
		[20, "C25", "T", 1350, -720, 0],
		[21, "C26", "T", 1180, -275, 0],
		[22, "C27", "T", 1180, -395, 0],
		[23, "C28", "T", 1435, -920, 180],
		[24, "C29", "T", 1405, -840, 270],
		[25, "C30", "T", 2490, -795, 270],
		[26, "C32", "T", 2495, -330, 270],
		[27, "C34", "T", 1480, -1530, 180],
		[28, "C35", "T", 1300, -1530, 0],
		[29, "C38", "T", -20, -450, 270],
		[30, "C39", "T", 2500, -590, 270],
		[31, "C40", "T", 2520, -80, 270],
		[32, "C41", "T", 2505, -1130, 270],
		[33, "CN5", "T", 2066.93, -1712.6, 0],
		[34, "D1", "T", 452.9, -465.63, 270],
		[35, "D2", "T", 1705, -1530, 180],
		[36, "D3", "T", 1361.79, -630.36, 180],
		[37, "D4", "T", 2610, -1590, 180],
		[38, "D5", "T", 1105, -1565, 0],
		[39, "DC0", "T", 1345, -1855, 0],
		[40, "DC1", "T", 2716.54, -1181.1, 180],
		[41, "DC2", "T", 2716.54, -629.92, 180],
		[42, "DC3", "T", 2716.54, -78.74, 180],
		[43, "F5", "T", 2150, -1145, 180],
		[44, "F6", "T", 470, -1350, 90],
		[45, "F7", "T", 470, -995, 90],
		[46, "F8", "T", 2150, -615, 180],
		[47, "F10", "T", 2345, -5, 180],
		[48, "GN0", "T", -262.75, -447.32, 180],
		[49, "H2", "T", 950, -50, 0],
		[50, "I2C1", "T", 2401.57, -1807.09, 90],
		[51, "I2C2", "T", 2637.8, -1890, 90],
		[52, "JP1", "T", 1693.41, -1178.41, 90],
		[53, "L1", "T", 1609.74, -1352.33, 90],
		[54, "LED1", "T", 2915, -1525, 180],
		[55, "LED2", "T", 2915, -970, 180],
		[56, "LED3", "T", 2915, -427.44, 180],
		[57, "LED4", "T", -220, -1265, 0],
		[58, "LED5", "T", -220, -1805, 0],
		[59, "PWM1", "T", -55.12, -992.13, 270],
		[60, "PWM2", "T", -55.12, -1543.31, 270],
		[61, "Q1", "T", -210, -320, 270],
		[62, "Q2", "T", -50, -275, 90],
		[63, "Q3", "T", 1760, -1825, 270],
		[64, "Q4", "T", 2130, -1415, 0],
		[65, "Q7", "T", 1950.06, -1329.83, 90],
		[66, "Q8", "T", 685.29, -1379.57, 0],
		[67, "Q9", "T", 685.29, -1025.01, 0],
		[68, "Q10", "T", 2130, -865, 0],
		[69, "Q11", "T", 1951.7, -771.03, 90],
		[70, "Q14", "T", 2130, -355, 0],
		[71, "Q15", "T", 1965, -335, 90],
		[72, "Q16", "T", 855.18, -1486.67, 90],
		[73, "Q19", "T", 2700, -425, 180],
		[74, "Q20", "T", 869.72, -1130.8, 90],
		[75, "R6", "T", 50, -200, 270],
		[76, "R7", "T", 150, -200, 270],
		[77, "R10", "T", 710, -772.5, 180],
		[78, "R11", "T", 840, -770, 90],
		[79, "R12", "T", 709.13, -342.23, 180],
		[80, "R16", "T", -100, -380, 180],
		[81, "R17", "T", 1824.52, -1563.07, 270],
		[82, "R18", "T", 1880, -1540, 270],
		[83, "R19", "T", 740, -1685, 270],
		[84, "R20", "T", 1970, -1235, 0],
		[85, "R21", "T", 1970, -1185, 0],
		[86, "R22", "T", 1990, -1445, 270],
		[87, "R23", "T", 2365.69, -1171.07, 180],
		[88, "R26", "T", 301.47, -1700.73, 0],
		[89, "R27", "T", 820, -1360, 90],
		[90, "R29", "T", 265, -1245, 0],
		[91, "R30", "T", 820, -1005, 90],
		[92, "R32", "T", 1035, -845, 90],
		[93, "R33", "T", 1250, -980, 0],
		[94, "R34", "T", 1460.79, -830.35, 90],
		[95, "R40", "T", 1945, -610, 270],
		[96, "R41", "T", 1962.55, -675, 180],
		[97, "R42", "T", 1990, -895, 270],
		[98, "R43", "T", 2360.69, -639.41, 180],
		[99, "R48", "T", 1937.5, -227.5, 270],
		[100, "R49", "T", 1982.5, -227.5, 270],
		[101, "R50", "T", 2000, -410, 270],
		[102, "R51", "T", 2385, -135, 180],
		[103, "R53", "T", 895, -1325, 180],
		[104, "R54", "T", 895, -1365, 180],
		[105, "R55", "T", 890, -1005, 270],
		[106, "R56", "T", 890, -1225, 0],
		[107, "R59", "T", -210, -215, 0],
		[108, "R61", "T", 2760, -1510, 0],
		[109, "R62", "T", 2760, -955, 0],
		[110, "R64", "T", -70, -1790, 180],
		[111, "R65", "T", -70, -1249.06, 180],
		[112, "R67", "T", 1555, -655, 90],
		[113, "R86", "T", 2570, -405.68, 180],
		[114, "R87", "T", 2570, -455.68, 0],
		[115, "R88", "T", 2800, -415, 270],
		[116, "R89", "T", -75, -730, 0],
		[117, "R90", "T", -195, -730, 180],
		[118, "R91", "T", -100, -460, 0],
		[119, "R92", "T", 635, -265, 180],
		[120, "R93", "T", 1555, -870, 270],
		[121, "R94", "T", 735, -265, 0],
		[122, "R95", "T", 820, -265, 180],
		[123, "R96", "T", 1555, -955, 90],
		[124, "R97", "T", 1555, -765, 90],
		[125, "SW1", "T", 1615, -425, 90],
		[126, "SW2", "T", 1760, -820, 180],
		[127, "U3", "T", 1345, -1250, 0],
		[128, "U5", "T", 715.32, -587.82, 0],
		[129, "U6", "T", 207.22, -393.77, 0],
		[130, "U12", "T", 1225, -845, 270],
		[131, "U13", "T", 1430, -385, 270],
		[132, "U18", "T", 275, -1480, 180],
		[133, "U19", "T", 275, -1005, 180],
		[134, "U20", "T", 2355, -1415, 0],
		[135, "U21", "T", 2355, -865, 0],
		[136, "U22", "T", 2355, -355, 0],
		[137, "U23", "T", -145, -595, 270],
		[138, "WP0", "T", -188.38, -447.32, 180]
	]
},
"pins": {
	"fields": ["PIN_NO", "PIN_NAME", "PIN_X", "PIN_Y", "LAYER", "PIN_TYPE", "NET_NAME", "NET_TYPE", "PAD_SHAPE", "PAD_SIZEX", "PAD_SIZEY", "HOLE_SIZE", "PAD_ANGLE"],
	"rows": [
		[1, "1W1_1", 562.99, -1631.89, "T", "DIP", "GND", "GND", "O", 55.12, 82.68, 62.99, 90],
		[2, "1W1_1", 562.99, -1631.89, "B", "DIP", "GND", "GND", "O", 55.12, 82.68, 62.99, 90],
		[3, "1W1_2", 450.79, -1667.32, "T", "DIP", "1W1_2", "", "O", 55.12, 82.68, 62.99, 180],
		[4, "1W1_2", 450.79, -1667.32, "B", "DIP", "1W1_2", "", "O", 55.12, 82.68, 62.99, 180],
		[5, "1W1_3", 437.01, -1982.28, "T", "DIP", "+3.3V", "", "O", 55.12, 82.68, 62.99, 0],
		[6, "1W1_3", 437.01, -1982.28, "B", "DIP", "+3.3V", "", "O", 55.12, 82.68, 62.99, 0],
		[7, "1W1_3", 688.97, -1982.28, "T", "DIP", "+3.3V", "", "O", 55.12, 82.68, 62.99, 0],
		[8, "1W1_3", 688.97, -1982.28, "B", "DIP", "+3.3V", "", "O", 55.12, 82.68, 62.99, 0],
		[9, "1W1_4", 675.2, -1667.32, "T", "DIP", "1-WIRE", "", "O", 55.12, 82.68, 62.99, 0],
		[10, "1W1_4", 675.2, -1667.32, "B", "DIP", "1-WIRE", "", "O", 55.12, 82.68, 62.99, 0],
		[11, "1W2_1", 917.32, -1631.89, "T", "DIP", "GND", "GND", "O", 55.12, 82.68, 62.99, 90],
		[12, "1W2_1", 917.32, -1631.89, "B", "DIP", "GND", "GND", "O", 55.12, 82.68, 62.99, 90],
		[13, "1W2_2", 805.12, -1667.32, "T", "DIP", "1W2_2", "", "O", 55.12, 82.68, 62.99, 180],
		[14, "1W2_2", 805.12, -1667.32, "B", "DIP", "1W2_2", "", "O", 55.12, 82.68, 62.99, 180],
		[15, "1W2_3", 791.34, -1982.28, "T", "DIP", "+3.3V", "", "O", 55.12, 82.68, 62.99, 0],
		[16, "1W2_3", 791.34, -1982.28, "B", "DIP", "+3.3V", "", "O", 55.12, 82.68, 62.99, 0],
		[17, "1W2_3", 1043.3, -1982.28, "T", "DIP", "+3.3V", "", "O", 55.12, 82.68, 62.99, 0],
		[18, "1W2_3", 1043.3, -1982.28, "B", "DIP", "+3.3V", "", "O", 55.12, 82.68, 62.99, 0],
		[19, "1W2_4", 1029.53, -1667.32, "T", "DIP", "1-WIRE", "", "O", 55.12, 82.68, 62.99, 0],
		[20, "1W2_4", 1029.53, -1667.32, "B", "DIP", "1-WIRE", "", "O", 55.12, 82.68, 62.99, 0],
		[21, "C4_1", 1070, -1404.37, "T", "SMD", "+3.3V", "", "R", 55.51, 53.15, 0, 90],
		[22, "C4_2", 1070, -1325.63, "T", "SMD", "GND", "GND", "R", 55.51, 53.15, 0, 90],
		[23, "C5_1", 388.39, -702.67, "T", "SMD", "GND", "GND", "R", 55.51, 53.15, 0, 270],
		[24, "C5_2", 388.39, -781.41, "T", "SMD", "+12V", "", "R", 55.51, 53.15, 0, 270],
		[25, "C6_1", 473.39, -701.49, "T", "SMD", "GND", "GND", "R", 55.51, 53.15, 0, 270],
		[26, "C6_2", 473.39, -782.59, "T", "SMD", "+12V", "", "R", 55.51, 53.15, 0, 270],
		[27, "C7_1", 538.39, -725.58, "T", "SMD", "GND", "GND", "R", 31.11, 21.26, 0, 270],
		[28, "C7_2", 538.39, -768.5, "T", "SMD", "+12V", "", "R", 31.11, 21.26, 0, 270],
		[29, "C8_1", 845, -608.54, "T", "SMD", "GND", "GND", "R", 31.11, 21.26, 0, 270],
		[30, "C8_2", 845, -651.46, "T", "SMD", "$1N4659", "", "R", 31.11, 21.26, 0, 270],
		[31, "C9_1", 567.22, -520.23, "T", "SMD", "$1N4694", "", "R", 31.11, 21.26, 0, 90],
		[32, "C9_2", 567.22, -477.31, "T", "SMD", "$1N4920", "", "R", 31.11, 21.26, 0, 90],
		[33, "C10_1", 120, -575.25, "T", "SMD", "+5V_A", "", "R", 74.8, 93.54, 0, 90],
		[34, "C10_2", 120, -724.75, "T", "SMD", "GND", "GND", "R", 74.8, 93.54, 0, 90],
		[35, "C11_1", 240, -575.25, "T", "SMD", "+5V_A", "", "R", 74.8, 93.54, 0, 90],
		[36, "C11_2", 240, -724.75, "T", "SMD", "GND", "GND", "R", 74.8, 93.54, 0, 90],
		[37, "C12_1", 805, -347.44, "T", "SMD", "$1N5140", "", "R", 31.5, 35.43, 0, 270],
		[38, "C12_2", 805, -402.56, "T", "SMD", "$1N5148", "", "R", 31.5, 35.43, 0, 270],
		[39, "C13_1", 693.86, -402.81, "T", "SMD", "GND", "GND", "R", 31.11, 21.26, 0, 0],
		[40, "C13_2", 736.78, -402.81, "T", "SMD", "$1N5148", "", "R", 31.11, 21.26, 0, 0],
		[41, "C16_1", 2490, -1328.54, "T", "SMD", "+3.3V", "", "R", 31.11, 21.26, 0, 270],
		[42, "C16_2", 2490, -1371.46, "T", "SMD", "GND", "GND", "R", 31.11, 21.26, 0, 270],
		[43, "C19_1", 140, -1441.46, "T", "SMD", "+3.3V", "", "R", 31.11, 21.26, 0, 90],
		[44, "C19_2", 140, -1398.54, "T", "SMD", "GND", "GND", "R", 31.11, 21.26, 0, 90],
		[45, "C20_1", 140, -976.46, "T", "SMD", "+3.3V", "", "R", 31.11, 21.26, 0, 90],
		[46, "C20_2", 140, -933.54, "T", "SMD", "GND", "GND", "R", 31.11, 21.26, 0, 90],
		[47, "C21_1", 1104.37, -510, "T", "SMD", "GND", "GND", "R", 55.51, 53.15, 0, 180],
		[48, "C21_2", 1025.63, -510, "T", "SMD", "+12V", "", "R", 55.51, 53.15, 0, 180],
		[49, "C22_1", 1105.55, -595, "T", "SMD", "GND", "GND", "R", 55.51, 53.15, 0, 180],
		[50, "C22_2", 1024.45, -595, "T", "SMD", "+12V", "", "R", 55.51, 53.15, 0, 180],
		[51, "C23_1", 1081.46, -665, "T", "SMD", "GND", "GND", "R", 31.11, 21.26, 0, 180],
		[52, "C23_2", 1038.54, -665, "T", "SMD", "+12V", "", "R", 31.11, 21.26, 0, 180],
		[53, "C24_1", 1156.46, -975, "T", "SMD", "GND", "GND", "R", 31.11, 21.26, 0, 180],
		[54, "C24_2", 1113.54, -975, "T", "SMD", "$1N14594", "", "R", 31.11, 21.26, 0, 180],
		[55, "C25_1", 1328.54, -720, "T", "SMD", "$1N14595", "", "R", 31.11, 21.26, 0, 0],
		[56, "C25_2", 1371.46, -720, "T", "SMD", "$1N14596", "", "R", 31.11, 21.26, 0, 0],
		[57, "C26_1", 1254.75, -275, "T", "SMD", "VT", "", "R", 74.8, 93.54, 0, 0],
		[58, "C26_2", 1105.25, -275, "T", "SMD", "GND", "GND", "R", 74.8, 93.54, 0, 0],
		[59, "C27_1", 1254.75, -395, "T", "SMD", "VT", "", "R", 74.8, 93.54, 0, 0],
		[60, "C27_2", 1105.25, -395, "T", "SMD", "GND", "GND", "R", 74.8, 93.54, 0, 0],
		[61, "C28_1", 1462.56, -920, "T", "SMD", "$1N14599", "", "R", 31.5, 35.43, 0, 180],
		[62, "C28_2", 1407.44, -920, "T", "SMD", "$1N14601", "", "R", 31.5, 35.43, 0, 180],
		[63, "C29_1", 1405, -818.54, "T", "SMD", "GND", "GND", "R", 31.11, 21.26, 0, 270],
		[64, "C29_2", 1405, -861.46, "T", "SMD", "$1N14601", "", "R", 31.11, 21.26, 0, 270],
		[65, "C30_1", 2490, -773.54, "T", "SMD", "+3.3V", "", "R", 31.11, 21.26, 0, 270],
		[66, "C30_2", 2490, -816.46, "T", "SMD", "GND", "GND", "R", 31.11, 21.26, 0, 270],
		[67, "C32_1", 2495, -308.54, "T", "SMD", "+3.3V", "", "R", 31.11, 21.26, 0, 270],
		[68, "C32_2", 2495, -351.46, "T", "SMD", "GND", "GND", "R", 31.11, 21.26, 0, 270],
		[69, "C34_1", 1520.55, -1530, "T", "SMD", "GND", "GND", "R", 55.51, 53.15, 0, 180],
		[70, "C34_2", 1439.45, -1530, "T", "SMD", "+12V", "", "R", 55.51, 53.15, 0, 180],
		[71, "C35_1", 1259.45, -1530, "T", "SMD", "GND", "GND", "R", 55.51, 53.15, 0, 0],
		[72, "C35_2", 1340.55, -1530, "T", "SMD", "+12V", "", "R", 55.51, 53.15, 0, 0],
		[73, "C38_1", -20, -428.54, "T", "SMD", "GND", "GND", "R", 31.11, 21.26, 0, 270],
		[74, "C38_2", -20, -471.46, "T", "SMD", "+3.3V", "", "R", 31.11, 21.26, 0, 270],
		[75, "C39_1", 2500, -549.45, "T", "SMD", "GND", "GND", "R", 55.51, 53.15, 0, 270],
		[76, "C39_2", 2500, -630.55, "T", "SMD", "$2N40244", "", "R", 55.51, 53.15, 0, 270],
		[77, "C40_1", 2520, -39.45, "T", "SMD", "GND", "GND", "R", 55.51, 53.15, 0, 270],
		[78, "C40_2", 2520, -120.55, "T", "SMD", "$2N40233", "", "R", 55.51, 53.15, 0, 270],
		[79, "C41_1", 2505, -1089.45, "T", "SMD", "GND", "GND", "R", 55.51, 53.15, 0, 270],
		[80, "C41_2", 2505, -1170.55, "T", "SMD", "$2N40255", "", "R", 55.51, 53.15, 0, 270],
		[81, "CN5_1", 1966.93, -1762.6, "T", "DIP", "GND", "GND", "R", 70, 70, 39.37, 0],
		[82, "CN5_1", 1966.93, -1762.6, "B", "DIP", "GND", "GND", "R", 70, 70, 39.37, 0],
		[83, "CN5_2", 1966.93, -1662.6, "T", "DIP", "+12V", "", "C", 70, 70, 39.37, 0],
		[84, "CN5_2", 1966.93, -1662.6, "B", "DIP", "+12V", "", "C", 70, 70, 39.37, 0],
		[85, "CN5_3", 2066.93, -1762.6, "T", "DIP", "GND", "GND", "C", 70, 70, 39.37, 0],
		[86, "CN5_3", 2066.93, -1762.6, "B", "DIP", "GND", "GND", "C", 70, 70, 39.37, 0],
		[87, "CN5_4", 2066.93, -1662.6, "T", "DIP", "+12V", "", "C", 70, 70, 39.37, 0],
		[88, "CN5_4", 2066.93, -1662.6, "B", "DIP", "+12V", "", "C", 70, 70, 39.37, 0],
		[89, "CN5_5", 2166.93, -1762.6, "T", "DIP", "GND", "GND", "C", 70, 70, 39.37, 0],
		[90, "CN5_5", 2166.93, -1762.6, "B", "DIP", "GND", "GND", "C", 70, 70, 39.37, 0],
		[91, "CN5_6", 2166.93, -1662.6, "T", "DIP", "+12V", "", "C", 70, 70, 39.37, 0],
		[92, "CN5_6", 2166.93, -1662.6, "B", "DIP", "+12V", "", "C", 70, 70, 39.37, 0],
		[93, "D1_1", 452.9, -564.2, "T", "SMD", "GND", "GND", "R", 81.2, 60.59, 0, 270],
		[94, "D1_2", 452.9, -367.06, "T", "SMD", "$1N4920", "", "R", 81.2, 60.59, 0, 270],
		[95, "D2_1", 1771.63, -1530, "T", "SMD", "$1N55959", "", "R", 37.4, 45.28, 0, 180],
		[96, "D2_2", 1638.37, -1530, "T", "SMD", "GND", "GND", "R", 37.4, 45.28, 0, 180],
		[97, "D3_1", 1263.22, -630.36, "T", "SMD", "GND", "GND", "R", 81.2, 60.59, 0, 180],
		[98, "D3_2", 1460.36, -630.36, "T", "SMD", "$1N14596", "", "R", 81.2, 60.59, 0, 180],
		[99, "D4_1", 2646.22, -1615.59, "T", "SMD", "GND", "GND", "R", 27.56, 16.54, 0, 180],
		[100, "D4_2", 2646.22, -1590, "T", "SMD", "+3.3V", "", "R", 27.56, 16.54, 0, 180],
		[101, "D4_3", 2646.22, -1564.41, "T", "SMD", "SCL", "", "R", 27.56, 16.54, 0, 180],
		[102, "D4_4", 2573.78, -1564.41, "T", "SMD", "GND", "GND", "R", 27.56, 16.54, 0, 180],
		[103, "D4_5", 2573.78, -1590, "T", "SMD", "+3.3V", "", "R", 27.56, 16.54, 0, 180],
		[104, "D4_6", 2573.78, -1615.59, "T", "SMD", "SDA", "", "R", 27.56, 16.54, 0, 180],
		[105, "D5_1", 1068.78, -1539.41, "T", "SMD", "D5_1", "", "R", 27.56, 16.54, 0, 0],
		[106, "D5_2", 1068.78, -1565, "T", "SMD", "D5_2", "", "R", 27.56, 16.54, 0, 0],
		[107, "D5_3", 1068.78, -1590.59, "T", "SMD", "1-WIRE", "", "R", 27.56, 16.54, 0, 0],
		[108, "D5_4", 1141.22, -1590.59, "T", "SMD", "GND", "GND", "R", 27.56, 16.54, 0, 0],
		[109, "D5_5", 1141.22, -1565, "T", "SMD", "+3.3V", "", "R", 27.56, 16.54, 0, 0],
		[110, "D5_6", 1141.22, -1539.41, "T", "SMD", "D5_6", "", "R", 27.56, 16.54, 0, 0],
		[111, "DC0_1", 1246.58, -1658.15, "T", "DIP", "GND_IN", "", "C", 118.11, 118.11, 70.87, 0],
		[112, "DC0_1", 1246.58, -1658.15, "B", "DIP", "GND_IN", "", "C", 118.11, 118.11, 70.87, 0],
		[113, "DC0_2", 1443.42, -1658.15, "T", "DIP", "+12V", "", "C", 118.11, 118.11, 70.87, 0],
		[114, "DC0_2", 1443.42, -1658.15, "B", "DIP", "+12V", "", "C", 118.11, 118.11, 70.87, 0],
		[115, "DC0_3", 1561.54, -2051.85, "T", "DIP", "DC0_3", "", "C", 70.87, 70.87, 43.31, 0],
		[116, "DC0_3", 1561.54, -2051.85, "B", "DIP", "DC0_3", "", "C", 70.87, 70.87, 43.31, 0],
		[117, "DC0_4", 1128.46, -2051.85, "T", "DIP", "DC0_4", "", "C", 70.87, 70.87, 43.31, 0],
		[118, "DC0_4", 1128.46, -2051.85, "B", "DIP", "DC0_4", "", "C", 70.87, 70.87, 43.31, 0],
		[119, "DC1_1", 2598.43, -1273.69, "T", "DIP", "$2N40255", "", "O", 165.35, 70.87, 137.79, 270],
		[120, "DC1_1", 2598.43, -1273.69, "B", "DIP", "$2N40255", "", "O", 165.35, 70.87, 137.79, 270],
		[121, "DC1_2", 2834.65, -1273.69, "T", "DIP", "GND", "GND", "O", 157.48, 70.87, 129.92, 90],
		[122, "DC1_2", 2834.65, -1273.69, "B", "DIP", "GND", "GND", "O", 157.48, 70.87, 129.92, 90],
		[123, "DC1_3", 2716.55, -1088.52, "T", "DIP", "GND", "GND", "O", 157.48, 70.87, 129.92, 180],
		[124, "DC1_3", 2716.55, -1088.52, "B", "DIP", "GND", "GND", "O", 157.48, 70.87, 129.92, 180],
		[125, "DC2_1", 2598.43, -722.51, "T", "DIP", "$2N40244", "", "O", 165.35, 70.87, 137.79, 270],
		[126, "DC2_1", 2598.43, -722.51, "B", "DIP", "$2N40244", "", "O", 165.35, 70.87, 137.79, 270],
		[127, "DC2_2", 2834.65, -722.51, "T", "DIP", "GND", "GND", "O", 157.48, 70.87, 129.92, 90],
		[128, "DC2_2", 2834.65, -722.51, "B", "DIP", "GND", "GND", "O", 157.48, 70.87, 129.92, 90],
		[129, "DC2_3", 2716.55, -537.34, "T", "DIP", "GND", "GND", "O", 157.48, 70.87, 129.92, 180],
		[130, "DC2_3", 2716.55, -537.34, "B", "DIP", "GND", "GND", "O", 157.48, 70.87, 129.92, 180],
		[131, "DC3_1", 2598.43, -171.33, "T", "DIP", "$2N40233", "", "O", 165.35, 70.87, 137.79, 270],
		[132, "DC3_1", 2598.43, -171.33, "B", "DIP", "$2N40233", "", "O", 165.35, 70.87, 137.79, 270],
		[133, "DC3_2", 2834.65, -171.33, "T", "DIP", "GND", "GND", "O", 157.48, 70.87, 129.92, 90],
		[134, "DC3_2", 2834.65, -171.33, "B", "DIP", "GND", "GND", "O", 157.48, 70.87, 129.92, 90],
		[135, "DC3_3", 2716.55, 13.84, "T", "DIP", "GND", "GND", "O", 157.48, 70.87, 129.92, 180],
		[136, "DC3_3", 2716.55, 13.84, "B", "DIP", "GND", "GND", "O", 157.48, 70.87, 129.92, 180],
		[137, "F5_1", 2222.97, -1145, "T", "SMD", "$2N536", "", "R", 55.38, 137.76, 0, 180],
		[138, "F5_2", 2077.03, -1145, "T", "SMD", "$2N538", "", "R", 55.38, 137.76, 0, 180],
		[139, "F6_1", 470, -1422.97, "T", "SMD", "$2N1603", "", "R", 55.38, 137.76, 0, 90],
		[140, "F6_2", 470, -1277.03, "T", "SMD", "$2N1605", "", "R", 55.38, 137.76, 0, 90],
		[141, "F7_1", 470, -1067.97, "T", "SMD", "$2N1616", "", "R", 55.38, 137.76, 0, 90],
		[142, "F7_2", 470, -922.03, "T", "SMD", "$2N1618", "", "R", 55.38, 137.76, 0, 90],
		[143, "F8_1", 2222.97, -615, "T", "SMD", "$2N3428", "", "R", 55.38, 137.76, 0, 180],
		[144, "F8_2", 2077.03, -615, "T", "SMD", "$2N3430", "", "R", 55.38, 137.76, 0, 180],
		[145, "F10_1", 2417.97, -5, "T", "SMD", "$2N4464", "", "R", 55.38, 137.76, 0, 180],
		[146, "F10_2", 2272.03, -5, "T", "SMD", "$2N4466", "", "R", 55.38, 137.76, 0, 180],
		[147, "GN0_1", -262.75, -447.32, "T", "SMD", "GND", "GND", "C", 39.37, 39.37, 0, 180],
		[148, "H2_1", 0, -152.36, "T", "SMD", "+3.3V", "", "R", 40.16, 62.99, 0, 0],
		[149, "H2_1", 0.5, -100, "T", "DIP", "+3.3V", "", "C", 53.15, 53.15, 40.16, 0],
		[150, "H2_1", 0.5, -100, "B", "DIP", "+3.3V", "", "C", 53.15, 53.15, 40.16, 0],
		[151, "H2_2", 0, 52.36, "T", "SMD", "+5V_PI", "", "R", 40.16, 62.99, 0, 0],
		[152, "H2_2", 0.5, 0, "T", "DIP", "+5V_PI", "", "C", 53.15, 53.15, 40.16, 0],
		[153, "H2_2", 0.5, 0, "B", "DIP", "+5V_PI", "", "C", 53.15, 53.15, 40.16, 0],
		[154, "H2_3", 100, -152.36, "T", "SMD", "SDA", "", "R", 40.16, 62.99, 0, 0],
		[155, "H2_3", 100.5, -100, "T", "DIP", "SDA", "", "C", 53.15, 53.15, 40.16, 0],
		[156, "H2_3", 100.5, -100, "B", "DIP", "SDA", "", "C", 53.15, 53.15, 40.16, 0],
		[157, "H2_4", 100, 52.36, "T", "SMD", "+5V_PI", "", "R", 40.16, 62.99, 0, 0],
		[158, "H2_4", 100.5, 0, "T", "DIP", "+5V_PI", "", "C", 53.15, 53.15, 40.16, 0],
		[159, "H2_4", 100.5, 0, "B", "DIP", "+5V_PI", "", "C", 53.15, 53.15, 40.16, 0],
		[160, "H2_5", 200, -152.36, "T", "SMD", "SCL", "", "R", 40.16, 62.99, 0, 180],
		[161, "H2_5", 200.5, -100, "T", "DIP", "SCL", "", "C", 55.12, 55.12, 40.16, 0],
		[162, "H2_5", 200.5, -100, "B", "DIP", "SCL", "", "C", 55.12, 55.12, 40.16, 0],
		[163, "H2_6", 200, 52.36, "T", "SMD", "GND", "GND", "R", 40.16, 62.99, 0, 180],
		[164, "H2_6", 200.5, 0, "T", "DIP", "GND", "GND", "C", 55.12, 55.12, 40.16, 0],
		[165, "H2_6", 200.5, 0, "B", "DIP", "GND", "GND", "C", 55.12, 55.12, 40.16, 0],
		[166, "H2_7", 300, -152.36, "T", "SMD", "1-WIRE", "", "R", 40.16, 62.99, 0, 180],
		[167, "H2_7", 300.5, -100, "T", "DIP", "1-WIRE", "", "C", 55.12, 55.12, 40.16, 0],
		[168, "H2_7", 300.5, -100, "B", "DIP", "1-WIRE", "", "C", 55.12, 55.12, 40.16, 0],
		[169, "H2_8", 300, 52.36, "T", "SMD", "TXD", "", "R", 40.16, 62.99, 0, 180],
		[170, "H2_8", 300.5, 0, "T", "DIP", "TXD", "", "C", 55.12, 55.12, 40.16, 0],
		[171, "H2_8", 300.5, 0, "B", "DIP", "TXD", "", "C", 55.12, 55.12, 40.16, 0],
		[172, "H2_9", 400, -152.36, "T", "SMD", "GND", "GND", "R", 40.16, 62.99, 0, 180],
		[173, "H2_9", 400.5, -100, "T", "DIP", "GND", "GND", "C", 55.12, 55.12, 40.16, 0],
		[174, "H2_9", 400.5, -100, "B", "DIP", "GND", "GND", "C", 55.12, 55.12, 40.16, 0],
		[175, "H2_10", 400, 52.36, "T", "SMD", "RXD", "", "R", 40.16, 62.99, 0, 180],
		[176, "H2_10", 400.5, 0, "T", "DIP", "RXD", "", "C", 55.12, 55.12, 40.16, 0],
		[177, "H2_10", 400.5, 0, "B", "DIP", "RXD", "", "C", 55.12, 55.12, 40.16, 0],
		[178, "H2_11", 500, -152.36, "T", "SMD", "H2_11", "", "R", 40.16, 62.99, 0, 180],
		[179, "H2_11", 500.5, -100, "T", "DIP", "H2_A_11", "", "C", 55.12, 55.12, 40.16, 0],
		[180, "H2_11", 500.5, -100, "B", "DIP", "H2_A_11", "", "C", 55.12, 55.12, 40.16, 0],
		[181, "H2_12", 500, 52.36, "T", "SMD", "GPIO18_PWM0", "", "R", 40.16, 62.99, 0, 180],
		[182, "H2_12", 500.5, 0, "T", "DIP", "GPIO18_PWM0", "", "C", 55.12, 55.12, 40.16, 0],
		[183, "H2_12", 500.5, 0, "B", "DIP", "GPIO18_PWM0", "", "C", 55.12, 55.12, 40.16, 0],
		[184, "H2_13", 600, -152.36, "T", "SMD", "H2_13", "", "R", 40.16, 62.99, 0, 180],
		[185, "H2_13", 600.5, -100, "T", "DIP", "H2_A_13", "", "C", 55.12, 55.12, 40.16, 0],
		[186, "H2_13", 600.5, -100, "B", "DIP", "H2_A_13", "", "C", 55.12, 55.12, 40.16, 0],
		[187, "H2_14", 600, 52.36, "T", "SMD", "GND", "GND", "R", 40.16, 62.99, 0, 180],
		[188, "H2_14", 600.5, 0, "T", "DIP", "GND", "GND", "C", 55.12, 55.12, 40.16, 0],
		[189, "H2_14", 600.5, 0, "B", "DIP", "GND", "GND", "C", 55.12, 55.12, 40.16, 0],
		[190, "H2_15", 700, -152.36, "T", "SMD", "H2_15", "", "R", 40.16, 62.99, 0, 180],
		[191, "H2_15", 700.5, -100, "T", "DIP", "H2_A_15", "", "C", 55.12, 55.12, 40.16, 0],
		[192, "H2_15", 700.5, -100, "B", "DIP", "H2_A_15", "", "C", 55.12, 55.12, 40.16, 0],
		[193, "H2_16", 700, 52.36, "T", "SMD", "H2_16", "", "R", 40.16, 62.99, 0, 180],
		[194, "H2_16", 700.5, 0, "T", "DIP", "H2_A_16", "", "C", 55.12, 55.12, 40.16, 0],
		[195, "H2_16", 700.5, 0, "B", "DIP", "H2_A_16", "", "C", 55.12, 55.12, 40.16, 0],
		[196, "H2_17", 800, -152.36, "T", "SMD", "+3.3V", "", "R", 40.16, 62.99, 0, 180],
		[197, "H2_17", 800.5, -100, "T", "DIP", "+3.3V", "", "C", 55.12, 55.12, 40.16, 0],
		[198, "H2_17", 800.5, -100, "B", "DIP", "+3.3V", "", "C", 55.12, 55.12, 40.16, 0],
		[199, "H2_18", 800, 52.36, "T", "SMD", "H2_18", "", "R", 40.16, 62.99, 0, 180],
		[200, "H2_18", 800.5, 0, "T", "DIP", "H2_A_18", "", "C", 55.12, 55.12, 40.16, 0],
		[201, "H2_18", 800.5, 0, "B", "DIP", "H2_A_18", "", "C", 55.12, 55.12, 40.16, 0],
		[202, "H2_19", 900, -152.36, "T", "SMD", "H2_19", "", "R", 40.16, 62.99, 0, 180],
		[203, "H2_19", 900.5, -100, "T", "DIP", "H2_A_19", "", "C", 55.12, 55.12, 40.16, 0],
		[204, "H2_19", 900.5, -100, "B", "DIP", "H2_A_19", "", "C", 55.12, 55.12, 40.16, 0],
		[205, "H2_20", 900, 52.36, "T", "SMD", "GND", "GND", "R", 40.16, 62.99, 0, 180],
		[206, "H2_20", 900.5, 0, "T", "DIP", "GND", "GND", "C", 55.12, 55.12, 40.16, 0],
		[207, "H2_20", 900.5, 0, "B", "DIP", "GND", "GND", "C", 55.12, 55.12, 40.16, 0],
		[208, "H2_21", 1000, -152.36, "T", "SMD", "H2_21", "", "R", 40.16, 62.99, 0, 180],
		[209, "H2_21", 1000.5, -100, "T", "DIP", "H2_A_21", "", "C", 55.12, 55.12, 40.16, 0],
		[210, "H2_21", 1000.5, -100, "B", "DIP", "H2_A_21", "", "C", 55.12, 55.12, 40.16, 0],
		[211, "H2_22", 1000, 52.36, "T", "SMD", "PPS", "", "R", 40.16, 62.99, 0, 180],
		[212, "H2_22", 1000.5, 0, "T", "DIP", "PPS", "", "C", 55.12, 55.12, 40.16, 0],
		[213, "H2_22", 1000.5, 0, "B", "DIP", "PPS", "", "C", 55.12, 55.12, 40.16, 0],
		[214, "H2_23", 1100, -152.36, "T", "SMD", "H2_23", "", "R", 40.16, 62.99, 0, 180],
		[215, "H2_23", 1100.5, -100, "T", "DIP", "H2_A_23", "", "C", 55.12, 55.12, 40.16, 0],
		[216, "H2_23", 1100.5, -100, "B", "DIP", "H2_A_23", "", "C", 55.12, 55.12, 40.16, 0],
		[217, "H2_24", 1100, 52.36, "T", "SMD", "H2_24", "", "R", 40.16, 62.99, 0, 180],
		[218, "H2_24", 1100.5, 0, "T", "DIP", "H2_A_24", "", "C", 55.12, 55.12, 40.16, 0],
		[219, "H2_24", 1100.5, 0, "B", "DIP", "H2_A_24", "", "C", 55.12, 55.12, 40.16, 0],
		[220, "H2_25", 1200, -152.36, "T", "SMD", "GND", "GND", "R", 40.16, 62.99, 0, 180],
		[221, "H2_25", 1200.5, -100, "T", "DIP", "GND", "GND", "C", 55.12, 55.12, 40.16, 0],
		[222, "H2_25", 1200.5, -100, "B", "DIP", "GND", "GND", "C", 55.12, 55.12, 40.16, 0],
		[223, "H2_26", 1200, 52.36, "T", "SMD", "H2_26", "", "R", 40.16, 62.99, 0, 180],
		[224, "H2_26", 1200.5, 0, "T", "DIP", "H2_A_26", "", "C", 55.12, 55.12, 40.16, 0],
		[225, "H2_26", 1200.5, 0, "B", "DIP", "H2_A_26", "", "C", 55.12, 55.12, 40.16, 0],
		[226, "H2_27", 1300, -152.36, "T", "SMD", "ID_SD", "", "R", 40.16, 62.99, 0, 180],
		[227, "H2_27", 1300.5, -100, "T", "DIP", "ID_SD", "", "C", 55.12, 55.12, 40.16, 0],
		[228, "H2_27", 1300.5, -100, "B", "DIP", "ID_SD", "", "C", 55.12, 55.12, 40.16, 0],
		[229, "H2_28", 1300, 52.36, "T", "SMD", "ID_SC", "", "R", 40.16, 62.99, 0, 180],
		[230, "H2_28", 1300.5, 0, "T", "DIP", "ID_SC", "", "C", 55.12, 55.12, 40.16, 0],
		[231, "H2_28", 1300.5, 0, "B", "DIP", "ID_SC", "", "C", 55.12, 55.12, 40.16, 0],
		[232, "H2_29", 1400, -152.36, "T", "SMD", "H2_29", "", "R", 40.16, 62.99, 0, 180],
		[233, "H2_29", 1400.5, -100, "T", "DIP", "H2_A_29", "", "C", 55.12, 55.12, 40.16, 0],
		[234, "H2_29", 1400.5, -100, "B", "DIP", "H2_A_29", "", "C", 55.12, 55.12, 40.16, 0],
		[235, "H2_30", 1400, 52.36, "T", "SMD", "GND", "GND", "R", 40.16, 62.99, 0, 180],
		[236, "H2_30", 1400.5, 0, "T", "DIP", "GND", "GND", "C", 55.12, 55.12, 40.16, 0],
		[237, "H2_30", 1400.5, 0, "B", "DIP", "GND", "GND", "C", 55.12, 55.12, 40.16, 0],
		[238, "H2_31", 1500, -152.36, "T", "SMD", "H2_31", "", "R", 40.16, 62.99, 0, 180],
		[239, "H2_31", 1500.5, -100, "T", "DIP", "H2_A_31", "", "C", 55.12, 55.12, 40.16, 0],
		[240, "H2_31", 1500.5, -100, "B", "DIP", "H2_A_31", "", "C", 55.12, 55.12, 40.16, 0],
		[241, "H2_32", 1500, 52.36, "T", "SMD", "H2_32", "", "R", 40.16, 62.99, 0, 180],
		[242, "H2_32", 1500.5, 0, "T", "DIP", "H2_A_32", "", "C", 55.12, 55.12, 40.16, 0],
		[243, "H2_32", 1500.5, 0, "B", "DIP", "H2_A_32", "", "C", 55.12, 55.12, 40.16, 0],
		[244, "H2_33", 1600, -152.36, "T", "SMD", "GPIO13_PWM1", "", "R", 40.16, 62.99, 0, 180],
		[245, "H2_33", 1600.5, -100, "T", "DIP", "GPIO13_PWM1", "", "C", 55.12, 55.12, 40.16, 0],
		[246, "H2_33", 1600.5, -100, "B", "DIP", "GPIO13_PWM1", "", "C", 55.12, 55.12, 40.16, 0],
		[247, "H2_34", 1600, 52.36, "T", "SMD", "GND", "GND", "R", 40.16, 62.99, 0, 180],
		[248, "H2_34", 1600.5, 0, "T", "DIP", "GND", "GND", "C", 55.12, 55.12, 40.16, 0],
		[249, "H2_34", 1600.5, 0, "B", "DIP", "GND", "GND", "C", 55.12, 55.12, 40.16, 0],
		[250, "H2_35", 1700, -152.36, "T", "SMD", "H2_35", "", "R", 40.16, 62.99, 0, 180],
		[251, "H2_35", 1700, -100, "T", "DIP", "H2_A_35", "", "C", 53.15, 53.15, 40.16, 0],
		[252, "H2_35", 1700, -100, "B", "DIP", "H2_A_35", "", "C", 53.15, 53.15, 40.16, 0],
		[253, "H2_36", 1700, 52.36, "T", "SMD", "H2_36", "", "R", 40.16, 62.99, 0, 180],
		[254, "H2_36", 1700, 0, "T", "DIP", "H2_A_36", "", "C", 53.15, 53.15, 40.16, 0],
		[255, "H2_36", 1700, 0, "B", "DIP", "H2_A_36", "", "C", 53.15, 53.15, 40.16, 0],
		[256, "H2_37", 1800, -152.36, "T", "SMD", "GPIO26", "", "R", 40.16, 62.99, 0, 180],
		[257, "H2_37", 1800.5, -100, "T", "DIP", "GPIO26", "", "C", 53.15, 53.15, 40.16, 0],
		[258, "H2_37", 1800.5, -100, "B", "DIP", "GPIO26", "", "C", 53.15, 53.15, 40.16, 0],
		[259, "H2_38", 1800, 52.36, "T", "SMD", "GPIO20", "", "R", 40.16, 62.99, 0, 180],
		[260, "H2_38", 1800.5, 0, "T", "DIP", "GPIO20", "", "C", 53.15, 53.15, 40.16, 0],
		[261, "H2_38", 1800.5, 0, "B", "DIP", "GPIO20", "", "C", 53.15, 53.15, 40.16, 0],
		[262, "H2_39", 1900, -152.36, "T", "SMD", "GND", "GND", "R", 40.16, 62.99, 0, 180],
		[263, "H2_39", 1900.5, -100, "T", "DIP", "GND", "GND", "C", 53.15, 53.15, 40.16, 0],
		[264, "H2_39", 1900.5, -100, "B", "DIP", "GND", "GND", "C", 53.15, 53.15, 40.16, 0],
		[265, "H2_40", 1900, 52.36, "T", "SMD", "GPIO21", "", "R", 40.16, 62.99, 0, 180],
		[266, "H2_40", 1900.5, 0, "T", "DIP", "GPIO21", "", "C", 53.15, 53.15, 40.16, 0],
		[267, "H2_40", 1900.5, 0, "B", "DIP", "GPIO21", "", "C", 53.15, 53.15, 40.16, 0],
		[268, "H2_42", -265.11, -91.5, "T", "DIP", "GND", "GND", "C", 27.56, 27.56, 11.81, 0],
		[269, "H2_42", -265.11, -91.5, "B", "DIP", "GND", "GND", "C", 27.56, 27.56, 11.81, 0],
		[270, "H2_42", -265.11, -2021.5, "T", "DIP", "H2_42", "", "C", 27.56, 27.56, 11.81, 0],
		[271, "H2_42", -265.11, -2021.5, "B", "DIP", "H2_42", "", "C", 27.56, 27.56, 11.81, 0],
		[272, "H2_42", 2014.89, -2021.5, "T", "DIP", "GND", "GND", "C", 27.56, 27.56, 11.81, 0],
		[273, "H2_42", 2014.89, -2021.5, "B", "DIP", "GND", "GND", "C", 27.56, 27.56, 11.81, 0],
		[274, "H2_42", 2014.89, -91.5, "T", "DIP", "GND", "GND", "C", 27.56, 27.56, 11.81, 0],
		[275, "H2_42", 2014.89, -91.5, "B", "DIP", "GND", "GND", "C", 27.56, 27.56, 11.81, 0],
		[276, "H2_44", -191.5, -134, "T", "DIP", "GND", "GND", "C", 27.56, 27.56, 11.81, 0],
		[277, "H2_44", -191.5, -134, "B", "DIP", "GND", "GND", "C", 27.56, 27.56, 11.81, 0],
		[278, "H2_44", -191.5, -2064, "T", "DIP", "GND", "GND", "C", 27.56, 27.56, 11.81, 0],
		[279, "H2_44", -191.5, -2064, "B", "DIP", "GND", "GND", "C", 27.56, 27.56, 11.81, 0],
		[280, "H2_44", 2088.5, -2064, "T", "DIP", "GND", "GND", "C", 27.56, 27.56, 11.81, 0],
		[281, "H2_44", 2088.5, -2064, "B", "DIP", "GND", "GND", "C", 27.56, 27.56, 11.81, 0],
		[282, "H2_44", 2088.5, -134, "T", "DIP", "GND", "GND", "C", 27.56, 27.56, 11.81, 0],
		[283, "H2_44", 2088.5, -134, "B", "DIP", "GND", "GND", "C", 27.56, 27.56, 11.81, 0],
		[284, "H2_46", -117.89, -91.5, "T", "DIP", "GND", "GND", "C", 27.56, 27.56, 11.81, 0],
		[285, "H2_46", -117.89, -91.5, "B", "DIP", "GND", "GND", "C", 27.56, 27.56, 11.81, 0],
		[286, "H2_46", -117.89, -2021.5, "T", "DIP", "GND", "GND", "C", 27.56, 27.56, 11.81, 0],
		[287, "H2_46", -117.89, -2021.5, "B", "DIP", "GND", "GND", "C", 27.56, 27.56, 11.81, 0],
		[288, "H2_46", 2162.11, -2021.5, "T", "DIP", "GND", "GND", "C", 27.56, 27.56, 11.81, 0],
		[289, "H2_46", 2162.11, -2021.5, "B", "DIP", "GND", "GND", "C", 27.56, 27.56, 11.81, 0],
		[290, "H2_46", 2162.11, -91.5, "T", "DIP", "GND", "GND", "C", 27.56, 27.56, 11.81, 0],
		[291, "H2_46", 2162.11, -91.5, "B", "DIP", "GND", "GND", "C", 27.56, 27.56, 11.81, 0],
		[292, "H2_48", -117.89, -6.5, "T", "DIP", "GND", "GND", "C", 27.56, 27.56, 11.81, 0],
		[293, "H2_48", -117.89, -6.5, "B", "DIP", "GND", "GND", "C", 27.56, 27.56, 11.81, 0],
		[294, "H2_48", -117.89, -1936.5, "T", "DIP", "GND", "GND", "C", 27.56, 27.56, 11.81, 0],
		[295, "H2_48", -117.89, -1936.5, "B", "DIP", "GND", "GND", "C", 27.56, 27.56, 11.81, 0],
		[296, "H2_48", 2162.11, -1936.5, "T", "DIP", "GND", "GND", "C", 27.56, 27.56, 11.81, 0],
		[297, "H2_48", 2162.11, -1936.5, "B", "DIP", "GND", "GND", "C", 27.56, 27.56, 11.81, 0],
		[298, "H2_48", 2162.11, -6.5, "T", "DIP", "GND", "GND", "C", 27.56, 27.56, 11.81, 0],
		[299, "H2_48", 2162.11, -6.5, "B", "DIP", "GND", "GND", "C", 27.56, 27.56, 11.81, 0],
		[300, "H2_50", -191.5, 36, "T", "DIP", "GND", "GND", "C", 27.56, 27.56, 11.81, 0],
		[301, "H2_50", -191.5, 36, "B", "DIP", "GND", "GND", "C", 27.56, 27.56, 11.81, 0],
		[302, "H2_50", -191.5, -1894, "T", "DIP", "GND", "GND", "C", 27.56, 27.56, 11.81, 0],
		[303, "H2_50", -191.5, -1894, "B", "DIP", "GND", "GND", "C", 27.56, 27.56, 11.81, 0],
		[304, "H2_50", 2088.5, -1894, "T", "DIP", "GND", "GND", "C", 27.56, 27.56, 11.81, 0],
		[305, "H2_50", 2088.5, -1894, "B", "DIP", "GND", "GND", "C", 27.56, 27.56, 11.81, 0],
		[306, "H2_50", 2088.5, 36, "T", "DIP", "GND", "GND", "C", 27.56, 27.56, 11.81, 0],
		[307, "H2_50", 2088.5, 36, "B", "DIP", "GND", "GND", "C", 27.56, 27.56, 11.81, 0],
		[308, "H2_52", -265.11, -6.5, "T", "DIP", "GND", "GND", "C", 27.56, 27.56, 11.81, 0],
		[309, "H2_52", -265.11, -6.5, "B", "DIP", "GND", "GND", "C", 27.56, 27.56, 11.81, 0],
		[310, "H2_52", -265.11, -1936.5, "T", "DIP", "GND", "GND", "C", 27.56, 27.56, 11.81, 0],
		[311, "H2_52", -265.11, -1936.5, "B", "DIP", "GND", "GND", "C", 27.56, 27.56, 11.81, 0],
		[312, "H2_52", 2014.89, -1936.5, "T", "DIP", "GND", "GND", "C", 27.56, 27.56, 11.81, 0],
		[313, "H2_52", 2014.89, -1936.5, "B", "DIP", "GND", "GND", "C", 27.56, 27.56, 11.81, 0],
		[314, "H2_52", 2014.89, -6.5, "T", "DIP", "GND", "GND", "C", 27.56, 27.56, 11.81, 0],
		[315, "H2_52", 2014.89, -6.5, "B", "DIP", "GND", "GND", "C", 27.56, 27.56, 11.81, 0],
		[316, "I2C1_1", 2401.57, -1631.89, "T", "DIP", "GND", "GND", "O", 55.12, 82.68, 62.99, 90],
		[317, "I2C1_1", 2401.57, -1631.89, "B", "DIP", "GND", "GND", "O", 55.12, 82.68, 62.99, 90],
		[318, "I2C1_2", 2289.37, -1667.32, "T", "DIP", "SCL", "", "O", 55.12, 82.68, 62.99, 180],
		[319, "I2C1_2", 2289.37, -1667.32, "B", "DIP", "SCL", "", "O", 55.12, 82.68, 62.99, 180],
		[320, "I2C1_3", 2275.59, -1982.28, "T", "DIP", "+3.3V", "", "O", 55.12, 82.68, 62.99, 0],
		[321, "I2C1_3", 2275.59, -1982.28, "B", "DIP", "+3.3V", "", "O", 55.12, 82.68, 62.99, 0],
		[322, "I2C1_3", 2527.55, -1982.28, "T", "DIP", "+3.3V", "", "O", 55.12, 82.68, 62.99, 0],
		[323, "I2C1_3", 2527.55, -1982.28, "B", "DIP", "+3.3V", "", "O", 55.12, 82.68, 62.99, 0],
		[324, "I2C1_4", 2513.78, -1667.32, "T", "DIP", "SDA", "", "O", 55.12, 82.68, 62.99, 0],
		[325, "I2C1_4", 2513.78, -1667.32, "B", "DIP", "SDA", "", "O", 55.12, 82.68, 62.99, 0],
		[326, "I2C2_1", 2637.8, -2040, "T", "DIP", "+3.3V", "", "R", 66.93, 66.93, 43.31, 90],
		[327, "I2C2_1", 2637.8, -2040, "B", "DIP", "+3.3V", "", "R", 66.93, 66.93, 43.31, 90],
		[328, "I2C2_2", 2637.8, -1940, "T", "DIP", "GND", "GND", "C", 66.93, 66.93, 43.31, 90],
		[329, "I2C2_2", 2637.8, -1940, "B", "DIP", "GND", "GND", "C", 66.93, 66.93, 43.31, 90],
		[330, "I2C2_3", 2637.8, -1840, "T", "DIP", "SCL", "", "C", 66.93, 66.93, 43.31, 90],
		[331, "I2C2_3", 2637.8, -1840, "B", "DIP", "SCL", "", "C", 66.93, 66.93, 43.31, 90],
		[332, "I2C2_4", 2637.8, -1740, "T", "DIP", "SDA", "", "C", 66.93, 66.93, 43.31, 90],
		[333, "I2C2_4", 2637.8, -1740, "B", "DIP", "SDA", "", "C", 66.93, 66.93, 43.31, 90],
		[334, "JP1_1", 1693.41, -1208.43, "T", "SMD", "$1N84331", "", "R", 41.34, 39.37, 0, 270],
		[335, "JP1_2", 1751.48, -1148.39, "T", "SMD", "GND", "GND", "R", 86.61, 41.34, 0, 270],
		[336, "JP1_3", 1635.34, -1148.39, "T", "SMD", "GND", "GND", "R", 86.61, 41.34, 0, 270],
		[337, "L1_1", 1609.74, -1324.77, "T", "SMD", "$1N84327", "", "R", 31.5, 34.02, 0, 270],
		[338, "L1_2", 1609.74, -1379.89, "T", "SMD", "$1N84331", "", "R", 31.5, 34.02, 0, 270],
		[339, "LED1_1", 2873.65, -1525, "T", "SMD", "$2N40038", "", "R", 39.37, 55.1, 0, 0],
		[340, "LED1_2", 2956.35, -1525, "T", "SMD", "GND", "GND", "R", 39.37, 55.1, 0, 0],
		[341, "LED2_1", 2873.65, -970, "T", "SMD", "$2N40133", "", "R", 39.37, 55.1, 0, 0],
		[342, "LED2_2", 2956.35, -970, "T", "SMD", "GND", "GND", "R", 39.37, 55.1, 0, 0],
		[343, "LED3_1", 2873.65, -427.44, "T", "SMD", "$2N57491", "", "R", 39.37, 55.1, 0, 0],
		[344, "LED3_2", 2956.35, -427.44, "T", "SMD", "$2N90009", "", "R", 39.37, 55.1, 0, 0],
		[345, "LED4_1", -178.65, -1265, "T", "SMD", "$2N39921", "", "R", 39.37, 55.1, 0, 180],
		[346, "LED4_2", -261.35, -1265, "T", "SMD", "GND", "GND", "R", 39.37, 55.1, 0, 180],
		[347, "LED5_1", -178.65, -1805, "T", "SMD", "$2N39826", "", "R", 39.37, 55.1, 0, 180],
		[348, "LED5_2", -261.35, -1805, "T", "SMD", "GND", "GND", "R", 39.37, 55.1, 0, 180],
		[349, "PWM1_1", -131.89, -992.13, "T", "DIP", "GND", "GND", "O", 141.73, 98.43, 98.42, 270],
		[350, "PWM1_1", -131.89, -992.13, "B", "DIP", "GND", "GND", "O", 141.73, 98.43, 98.42, 270],
		[351, "PWM1_2", 45.28, -992.13, "T", "DIP", "$2N39937", "", "O", 125.98, 70.87, 98.43, 0],
		[352, "PWM1_2", 45.28, -992.13, "B", "DIP", "$2N39937", "", "O", 125.98, 70.87, 98.43, 0],
		[353, "PWM2_1", -131.89, -1543.31, "T", "DIP", "GND", "GND", "O", 141.73, 98.43, 98.42, 270],
		[354, "PWM2_1", -131.89, -1543.31, "B", "DIP", "GND", "GND", "O", 141.73, 98.43, 98.42, 270],
		[355, "PWM2_2", 45.28, -1543.31, "T", "DIP", "$2N39926", "", "O", 125.98, 70.87, 98.43, 0],
		[356, "PWM2_2", 45.28, -1543.31, "B", "DIP", "$2N39926", "", "O", 125.98, 70.87, 98.43, 0],
		[357, "Q1_1", -247.4, -373.15, "T", "SMD", "$1N7063", "", "R", 43.31, 23.62, 0, 270],
		[358, "Q1_2", -210, -373.15, "T", "SMD", "$1N7063", "", "R", 43.31, 23.62, 0, 270],
		[359, "Q1_3", -172.6, -373.15, "T", "SMD", "$1N7063", "", "R", 43.31, 23.62, 0, 270],
		[360, "Q1_4", -172.6, -266.85, "T", "SMD", "$1N7006", "", "R", 43.31, 23.62, 0, 270],
		[361, "Q1_5", -210, -266.85, "T", "SMD", "+5V_PI", "", "R", 43.31, 23.62, 0, 270],
		[362, "Q1_6", -247.4, -266.85, "T", "SMD", "+5V_A", "", "R", 43.31, 23.62, 0, 270],
		[363, "Q2_1", -12.6, -226.38, "T", "SMD", "$1N7006", "", "R", 42.13, 23.62, 0, 90],
		[364, "Q2_2", -87.4, -226.38, "T", "SMD", "+5V_PI", "", "R", 42.13, 23.62, 0, 90],
		[365, "Q2_3", -50, -323.63, "T", "SMD", "+5V_A", "", "R", 42.13, 23.62, 0, 90],
		[366, "Q3_1", 1850.15, -1690.2, "T", "SMD", "$1N55959", "", "R", 94.84, 38.53, 0, 90],
		[367, "Q3_2", 1760, -1959.8, "T", "SMD", "GND_IN", "", "R", 224.84, 218.44, 0, 90],
		[368, "Q3_3", 1669.85, -1690.23, "T", "SMD", "GND", "GND", "R", 94.84, 38.53, 0, 90],
		[369, "Q4_1", 2055, -1524.15, "T", "SMD", "+12V", "", "O", 23.15, 80.51, 0, 0],
		[370, "Q4_2", 2105, -1524.15, "T", "SMD", "+12V", "", "O", 23.15, 80.51, 0, 0],
		[371, "Q4_3", 2155, -1524.15, "T", "SMD", "+12V", "", "O", 23.15, 80.51, 0, 0],
		[372, "Q4_4", 2205, -1524.15, "T", "SMD", "$2N530", "", "O", 23.15, 80.51, 0, 0],
		[373, "Q4_5", 2205, -1305.85, "T", "SMD", "$2N538", "", "O", 23.15, 80.51, 0, 0],
		[374, "Q4_6", 2155, -1305.85, "T", "SMD", "$2N538", "", "O", 23.15, 80.51, 0, 0],
		[375, "Q4_7", 2105, -1305.85, "T", "SMD", "$2N538", "", "O", 23.15, 80.51, 0, 0],
		[376, "Q4_8", 2055, -1305.85, "T", "SMD", "$2N538", "", "O", 23.15, 80.51, 0, 0],
		[377, "Q7_1", 1987.46, -1290.46, "T", "SMD", "$2N529", "", "R", 49.21, 27.56, 0, 90],
		[378, "Q7_2", 1912.66, -1290.46, "T", "SMD", "GND", "GND", "R", 49.21, 27.56, 0, 90],
		[379, "Q7_3", 1950.06, -1369.2, "T", "SMD", "$2N530", "", "R", 49.21, 27.56, 0, 90],
		[380, "Q8_1", 610.29, -1488.72, "T", "SMD", "+12V", "", "O", 23.15, 80.51, 0, 0],
		[381, "Q8_2", 660.29, -1488.72, "T", "SMD", "+12V", "", "O", 23.15, 80.51, 0, 0],
		[382, "Q8_3", 710.29, -1488.72, "T", "SMD", "+12V", "", "O", 23.15, 80.51, 0, 0],
		[383, "Q8_4", 760.29, -1488.72, "T", "SMD", "$2N1597", "", "O", 23.15, 80.51, 0, 0],
		[384, "Q8_5", 760.29, -1270.42, "T", "SMD", "$2N1605", "", "O", 23.15, 80.51, 0, 0],
		[385, "Q8_6", 710.29, -1270.42, "T", "SMD", "$2N1605", "", "O", 23.15, 80.51, 0, 0],
		[386, "Q8_7", 660.29, -1270.42, "T", "SMD", "$2N1605", "", "O", 23.15, 80.51, 0, 0],
		[387, "Q8_8", 610.29, -1270.42, "T", "SMD", "$2N1605", "", "O", 23.15, 80.51, 0, 0],
		[388, "Q9_1", 610.29, -1134.16, "T", "SMD", "+12V", "", "O", 23.15, 80.51, 0, 0],
		[389, "Q9_2", 660.29, -1134.16, "T", "SMD", "+12V", "", "O", 23.15, 80.51, 0, 0],
		[390, "Q9_3", 710.29, -1134.16, "T", "SMD", "+12V", "", "O", 23.15, 80.51, 0, 0],
		[391, "Q9_4", 760.29, -1134.16, "T", "SMD", "$2N1610", "", "O", 23.15, 80.51, 0, 0],
		[392, "Q9_5", 760.29, -915.86, "T", "SMD", "$2N1618", "", "O", 23.15, 80.51, 0, 0],
		[393, "Q9_6", 710.29, -915.86, "T", "SMD", "$2N1618", "", "O", 23.15, 80.51, 0, 0],
		[394, "Q9_7", 660.29, -915.86, "T", "SMD", "$2N1618", "", "O", 23.15, 80.51, 0, 0],
		[395, "Q9_8", 610.29, -915.86, "T", "SMD", "$2N1618", "", "O", 23.15, 80.51, 0, 0],
		[396, "Q10_1", 2055, -974.15, "T", "SMD", "+12V", "", "O", 23.15, 80.51, 0, 0],
		[397, "Q10_2", 2105, -974.15, "T", "SMD", "+12V", "", "O", 23.15, 80.51, 0, 0],
		[398, "Q10_3", 2155, -974.15, "T", "SMD", "+12V", "", "O", 23.15, 80.51, 0, 0],
		[399, "Q10_4", 2205, -974.15, "T", "SMD", "$2N3422", "", "O", 23.15, 80.51, 0, 0],
		[400, "Q10_5", 2205, -755.85, "T", "SMD", "$2N3430", "", "O", 23.15, 80.51, 0, 0],
		[401, "Q10_6", 2155, -755.85, "T", "SMD", "$2N3430", "", "O", 23.15, 80.51, 0, 0],
		[402, "Q10_7", 2105, -755.85, "T", "SMD", "$2N3430", "", "O", 23.15, 80.51, 0, 0],
		[403, "Q10_8", 2055, -755.85, "T", "SMD", "$2N3430", "", "O", 23.15, 80.51, 0, 0],
		[404, "Q11_1", 1989.1, -731.66, "T", "SMD", "$2N3421", "", "R", 49.21, 27.56, 0, 90],
		[405, "Q11_2", 1914.3, -731.66, "T", "SMD", "GND", "GND", "R", 49.21, 27.56, 0, 90],
		[406, "Q11_3", 1951.7, -810.4, "T", "SMD", "$2N3422", "", "R", 49.21, 27.56, 0, 90],
		[407, "Q14_1", 2055, -464.15, "T", "SMD", "VS", "", "O", 23.15, 80.51, 0, 0],
		[408, "Q14_2", 2105, -464.15, "T", "SMD", "VS", "", "O", 23.15, 80.51, 0, 0],
		[409, "Q14_3", 2155, -464.15, "T", "SMD", "VS", "", "O", 23.15, 80.51, 0, 0],
		[410, "Q14_4", 2205, -464.15, "T", "SMD", "$2N4458", "", "O", 23.15, 80.51, 0, 0],
		[411, "Q14_5", 2205, -245.85, "T", "SMD", "$2N4466", "", "O", 23.15, 80.51, 0, 0],
		[412, "Q14_6", 2155, -245.85, "T", "SMD", "$2N4466", "", "O", 23.15, 80.51, 0, 0],
		[413, "Q14_7", 2105, -245.85, "T", "SMD", "$2N4466", "", "O", 23.15, 80.51, 0, 0],
		[414, "Q14_8", 2055, -245.85, "T", "SMD", "$2N4466", "", "O", 23.15, 80.51, 0, 0],
		[415, "Q15_1", 2002.4, -295.63, "T", "SMD", "$2N4457", "", "R", 49.21, 27.56, 0, 90],
		[416, "Q15_2", 1927.6, -295.63, "T", "SMD", "GND", "GND", "R", 49.21, 27.56, 0, 90],
		[417, "Q15_3", 1965, -374.37, "T", "SMD", "$2N4458", "", "R", 49.21, 27.56, 0, 90],
		[418, "Q16_1", 892.58, -1447.3, "T", "SMD", "$2N24815", "", "R", 49.21, 27.56, 0, 90],
		[419, "Q16_2", 817.78, -1447.3, "T", "SMD", "GND", "GND", "R", 49.21, 27.56, 0, 90],
		[420, "Q16_3", 855.18, -1526.04, "T", "SMD", "$2N1597", "", "R", 49.21, 27.56, 0, 90],
		[421, "Q19_1", 2660.63, -387.6, "T", "SMD", "$2N49861", "", "R", 49.21, 27.56, 0, 180],
		[422, "Q19_2", 2660.63, -462.4, "T", "SMD", "GND", "GND", "R", 49.21, 27.56, 0, 180],
		[423, "Q19_3", 2739.37, -425, "T", "SMD", "$2N90009", "", "R", 49.21, 27.56, 0, 180],
		[424, "Q20_1", 907.12, -1091.43, "T", "SMD", "$2N25317", "", "R", 49.21, 27.56, 0, 90],
		[425, "Q20_2", 832.32, -1091.43, "T", "SMD", "GND", "GND", "R", 49.21, 27.56, 0, 90],
		[426, "Q20_3", 869.72, -1170.17, "T", "SMD", "$2N1610", "", "R", 49.21, 27.56, 0, 90],
		[427, "R6_1", 50, -182.96, "T", "SMD", "SDA", "", "R", 22.27, 21.26, 0, 270],
		[428, "R6_2", 50, -217.04, "T", "SMD", "+3.3V", "", "R", 22.27, 21.26, 0, 270],
		[429, "R7_1", 150, -182.96, "T", "SMD", "SCL", "", "R", 22.27, 21.26, 0, 270],
		[430, "R7_2", 150, -217.04, "T", "SMD", "+3.3V", "", "R", 22.27, 21.26, 0, 270],
		[431, "R10_1", 739.66, -772.5, "T", "SMD", "$1N4635", "", "R", 31.75, 34.02, 0, 180],
		[432, "R10_2", 680.34, -772.5, "T", "SMD", "+12V", "", "R", 31.75, 34.02, 0, 180],
		[433, "R11_1", 840, -799.66, "T", "SMD", "GND", "GND", "R", 31.75, 34.02, 0, 90],
		[434, "R11_2", 840, -740.34, "T", "SMD", "$1N4635", "", "R", 31.75, 34.02, 0, 90],
		[435, "R12_1", 738.79, -342.23, "T", "SMD", "$1N5140", "", "R", 31.75, 34.02, 0, 180],
		[436, "R12_2", 679.47, -342.23, "T", "SMD", "GND", "GND", "R", 31.75, 34.02, 0, 180],
		[437, "R16_1", -82.96, -380, "T", "SMD", "GND", "GND", "R", 22.27, 21.26, 0, 180],
		[438, "R16_2", -117.04, -380, "T", "SMD", "$1N7063", "", "R", 22.27, 21.26, 0, 180],
		[439, "R17_1", 1824.52, -1546.03, "T", "SMD", "+12V", "", "R", 22.27, 21.26, 0, 270],
		[440, "R17_2", 1824.52, -1580.11, "T", "SMD", "$1N55959", "", "R", 22.27, 21.26, 0, 270],
		[441, "R18_1", 1880, -1510.34, "T", "SMD", "GND", "GND", "R", 31.75, 34.02, 0, 270],
		[442, "R18_2", 1880, -1569.66, "T", "SMD", "$1N55959", "", "R", 31.75, 34.02, 0, 270],
		[443, "R19_1", 740, -1667.96, "T", "SMD", "1-WIRE", "", "R", 22.27, 21.26, 0, 270],
		[444, "R19_2", 740, -1702.04, "T", "SMD", "+3.3V", "", "R", 22.27, 21.26, 0, 270],
		[445, "R20_1", 1952.96, -1235, "T", "SMD", "GND", "GND", "R", 22.27, 21.26, 0, 0],
		[446, "R20_2", 1987.04, -1235, "T", "SMD", "$2N529", "", "R", 22.27, 21.26, 0, 0],
		[447, "R21_1", 1952.96, -1185, "T", "SMD", "GPIO26", "", "R", 22.27, 21.26, 0, 0],
		[448, "R21_2", 1987.04, -1185, "T", "SMD", "$2N529", "", "R", 22.27, 21.26, 0, 0],
		[449, "R22_1", 1990, -1427.96, "T", "SMD", "$2N530", "", "R", 22.27, 21.26, 0, 270],
		[450, "R22_2", 1990, -1462.04, "T", "SMD", "+12V", "", "R", 22.27, 21.26, 0, 270],
		[451, "R23_1", 2423.91, -1171.07, "T", "SMD", "$2N40255", "", "R", 47.54, 66.97, 0, 180],
		[452, "R23_2", 2307.47, -1171.07, "T", "SMD", "$2N536", "", "R", 47.54, 66.97, 0, 180],
		[453, "R26_1", 243.25, -1700.73, "T", "SMD", "$2N39926", "", "R", 47.54, 66.97, 0, 0],
		[454, "R26_2", 359.69, -1700.73, "T", "SMD", "$2N1603", "", "R", 47.54, 66.97, 0, 0],
		[455, "R27_1", 820, -1377.04, "T", "SMD", "$2N1597", "", "R", 22.27, 21.26, 0, 90],
		[456, "R27_2", 820, -1342.96, "T", "SMD", "+12V", "", "R", 22.27, 21.26, 0, 90],
		[457, "R29_1", 206.78, -1245, "T", "SMD", "$2N39937", "", "R", 47.54, 66.97, 0, 0],
		[458, "R29_2", 323.22, -1245, "T", "SMD", "$2N1616", "", "R", 47.54, 66.97, 0, 0],
		[459, "R30_1", 820, -1022.04, "T", "SMD", "$2N1610", "", "R", 22.27, 21.26, 0, 90],
		[460, "R30_2", 820, -987.96, "T", "SMD", "+12V", "", "R", 22.27, 21.26, 0, 90],
		[461, "R32_1", 1035, -874.66, "T", "SMD", "EN_ALIM", "", "R", 31.75, 34.02, 0, 90],
		[462, "R32_2", 1035, -815.34, "T", "SMD", "+12V", "", "R", 31.75, 34.02, 0, 90],
		[463, "R33_1", 1220.34, -980, "T", "SMD", "GND", "GND", "R", 31.75, 34.02, 0, 0],
		[464, "R33_2", 1279.66, -980, "T", "SMD", "EN_ALIM", "", "R", 31.75, 34.02, 0, 0],
		[465, "R34_1", 1460.79, -860.01, "T", "SMD", "$1N14599", "", "R", 31.75, 34.02, 0, 90],
		[466, "R34_2", 1460.79, -800.69, "T", "SMD", "GND", "GND", "R", 31.75, 34.02, 0, 90],
		[467, "R40_1", 1945, -592.96, "T", "SMD", "GND", "GND", "R", 22.27, 21.26, 0, 270],
		[468, "R40_2", 1945, -627.04, "T", "SMD", "$2N3421", "", "R", 22.27, 21.26, 0, 270],
		[469, "R41_1", 1979.59, -675, "T", "SMD", "GPIO20", "", "R", 22.27, 21.26, 0, 180],
		[470, "R41_2", 1945.51, -675, "T", "SMD", "$2N3421", "", "R", 22.27, 21.26, 0, 180],
		[471, "R42_1", 1990, -877.96, "T", "SMD", "$2N3422", "", "R", 22.27, 21.26, 0, 270],
		[472, "R42_2", 1990, -912.04, "T", "SMD", "+12V", "", "R", 22.27, 21.26, 0, 270],
		[473, "R43_1", 2418.91, -639.41, "T", "SMD", "$2N40244", "", "R", 47.54, 66.97, 0, 180],
		[474, "R43_2", 2302.47, -639.41, "T", "SMD", "$2N3428", "", "R", 47.54, 66.97, 0, 180],
		[475, "R48_1", 1937.5, -210.46, "T", "SMD", "GND", "GND", "R", 22.27, 21.26, 0, 270],
		[476, "R48_2", 1937.5, -244.54, "T", "SMD", "$2N4457", "", "R", 22.27, 21.26, 0, 270],
		[477, "R49_1", 1982.5, -210.46, "T", "SMD", "GPIO21", "", "R", 22.27, 21.26, 0, 270],
		[478, "R49_2", 1982.5, -244.54, "T", "SMD", "$2N4457", "", "R", 22.27, 21.26, 0, 270],
		[479, "R50_1", 2000, -392.96, "T", "SMD", "$2N4458", "", "R", 22.27, 21.26, 0, 270],
		[480, "R50_2", 2000, -427.04, "T", "SMD", "VS", "", "R", 22.27, 21.26, 0, 270],
		[481, "R51_1", 2443.22, -135, "T", "SMD", "$2N40233", "", "R", 47.54, 66.97, 0, 180],
		[482, "R51_2", 2326.78, -135, "T", "SMD", "$2N4464", "", "R", 47.54, 66.97, 0, 180],
		[483, "R53_1", 912.04, -1325, "T", "SMD", "GPIO13_PWM1", "", "R", 22.27, 21.26, 0, 180],
		[484, "R53_2", 877.96, -1325, "T", "SMD", "$2N24815", "", "R", 22.27, 21.26, 0, 180],
		[485, "R54_1", 912.04, -1365, "T", "SMD", "GND", "GND", "R", 22.27, 21.26, 0, 180],
		[486, "R54_2", 877.96, -1365, "T", "SMD", "$2N24815", "", "R", 22.27, 21.26, 0, 180],
		[487, "R55_1", 890, -987.96, "T", "SMD", "GPIO18_PWM0", "", "R", 22.27, 21.26, 0, 270],
		[488, "R55_2", 890, -1022.04, "T", "SMD", "$2N25317", "", "R", 22.27, 21.26, 0, 270],
		[489, "R56_1", 872.96, -1225, "T", "SMD", "GND", "GND", "R", 22.27, 21.26, 0, 0],
		[490, "R56_2", 907.04, -1225, "T", "SMD", "$2N25317", "", "R", 22.27, 21.26, 0, 0],
		[491, "R59_1", -227.04, -215, "T", "SMD", "GND", "GND", "R", 22.27, 21.26, 0, 0],
		[492, "R59_2", -192.96, -215, "T", "SMD", "$1N7006", "", "R", 22.27, 21.26, 0, 0],
		[493, "R61_1", 2730.34, -1510, "T", "SMD", "$2N40255", "", "R", 31.75, 34.02, 0, 0],
		[494, "R61_2", 2789.66, -1510, "T", "SMD", "$2N40038", "", "R", 31.75, 34.02, 0, 0],
		[495, "R62_1", 2730.34, -955, "T", "SMD", "$2N40244", "", "R", 31.75, 34.02, 0, 0],
		[496, "R62_2", 2789.66, -955, "T", "SMD", "$2N40133", "", "R", 31.75, 34.02, 0, 0],
		[497, "R64_1", -40.34, -1790, "T", "SMD", "$2N39926", "", "R", 31.75, 34.02, 0, 180],
		[498, "R64_2", -99.66, -1790, "T", "SMD", "$2N39826", "", "R", 31.75, 34.02, 0, 180],
		[499, "R65_1", -40.34, -1249.06, "T", "SMD", "$2N39937", "", "R", 31.75, 34.02, 0, 180],
		[500, "R65_2", -99.66, -1249.06, "T", "SMD", "$2N39921", "", "R", 31.75, 34.02, 0, 180],
		[501, "R67_1", 1555, -672.04, "T", "SMD", "FB", "", "R", 22.27, 21.26, 0, 90],
		[502, "R67_2", 1555, -637.96, "T", "SMD", "VT", "", "R", 22.27, 21.26, 0, 90],
		[503, "R86_1", 2587.04, -405.68, "T", "SMD", "$2N49861", "", "R", 22.27, 21.26, 0, 180],
		[504, "R86_2", 2552.96, -405.68, "T", "SMD", "$2N40233", "", "R", 22.27, 21.26, 0, 180],
		[505, "R87_1", 2552.96, -455.68, "T", "SMD", "GND", "GND", "R", 22.27, 21.26, 0, 0],
		[506, "R87_2", 2587.04, -455.68, "T", "SMD", "$2N49861", "", "R", 22.27, 21.26, 0, 0],
		[507, "R88_1", 2800, -385.34, "T", "SMD", "+3.3V", "", "R", 31.75, 34.02, 0, 270],
		[508, "R88_2", 2800, -444.66, "T", "SMD", "$2N57491", "", "R", 31.75, 34.02, 0, 270],
		[509, "R89_1", -104.66, -730, "T", "SMD", "ID_SD", "", "R", 31.75, 34.02, 0, 0],
		[510, "R89_2", -45.34, -730, "T", "SMD", "+3.3V", "", "R", 31.75, 34.02, 0, 0],
		[511, "R90_1", -165.34, -730, "T", "SMD", "ID_SC", "", "R", 31.75, 34.02, 0, 180],
		[512, "R90_2", -224.66, -730, "T", "SMD", "+3.3V", "", "R", 31.75, 34.02, 0, 180],
		[513, "R91_1", -117.04, -460, "T", "SMD", "$1N62787", "", "R", 22.27, 21.26, 0, 0],
		[514, "R91_2", -82.96, -460, "T", "SMD", "+3.3V", "", "R", 22.27, 21.26, 0, 0],
		[515, "R92_1", 664.66, -265, "T", "SMD", "$1N99494", "", "R", 31.75, 34.02, 0, 180],
		[516, "R92_2", 605.34, -265, "T", "SMD", "+5V_A", "", "R", 31.75, 34.02, 0, 180],
		[517, "R93_1", 1555, -852.96, "T", "SMD", "$1N99682", "", "R", 22.27, 21.26, 0, 270],
		[518, "R93_2", 1555, -887.04, "T", "SMD", "$1N14603", "", "R", 22.27, 21.26, 0, 270],
		[519, "R94_1", 717.96, -265, "T", "SMD", "$1N99494", "", "R", 22.27, 21.26, 0, 0],
		[520, "R94_2", 752.04, -265, "T", "SMD", "$1N5310", "", "R", 22.27, 21.26, 0, 0],
		[521, "R95_1", 837.04, -265, "T", "SMD", "GND", "GND", "R", 22.27, 21.26, 0, 180],
		[522, "R95_2", 802.96, -265, "T", "SMD", "$1N5310", "", "R", 22.27, 21.26, 0, 180],
		[523, "R96_1", 1555, -972.04, "T", "SMD", "GND", "GND", "R", 22.27, 21.26, 0, 90],
		[524, "R96_2", 1555, -937.96, "T", "SMD", "$1N14603", "", "R", 22.27, 21.26, 0, 90],
		[525, "R97_1", 1555, -794.66, "T", "SMD", "$1N99682", "", "R", 31.75, 34.02, 0, 90],
		[526, "R97_2", 1555, -735.34, "T", "SMD", "FB", "", "R", 31.75, 34.02, 0, 90],
		[527, "SW1_1", 1615, -525.39, "T", "DIP", "+12V", "", "C", 60, 60, 36, 90],
		[528, "SW1_1", 1615, -525.39, "B", "DIP", "+12V", "", "C", 60, 60, 36, 90],
		[529, "SW1_2", 1615, -425, "T", "DIP", "VS", "", "C", 60, 60, 36, 90],
		[530, "SW1_2", 1615, -425, "B", "DIP", "VS", "", "C", 60, 60, 36, 90],
		[531, "SW1_3", 1615, -324.6, "T", "DIP", "VT", "", "C", 60, 60, 36, 90],
		[532, "SW1_3", 1615, -324.6, "B", "DIP", "VT", "", "C", 60, 60, 36, 90],
		[533, "SW2_1", 1785, -670, "T", "SMD", "GND", "GND", "R", 30, 60, 0, 180],
		[534, "SW2_2", 1735, -670, "T", "SMD", "VT", "", "R", 30, 60, 0, 180],
		[535, "SW2_3", 1735, -970, "T", "SMD", "FB", "", "R", 30, 60, 0, 180],
		[536, "SW2_4", 1785, -970, "T", "SMD", "EN_ALIM", "", "R", 30, 60, 0, 180],
		[537, "U3_1", 1154.06, -1076.77, "T", "SMD", "GND", "GND", "P", 70.87, 31.5, 0, 0],
		[538, "U3_2", 1154.06, -1120.08, "T", "SMD", "RXD", "", "P", 70.87, 31.5, 0, 0],
		[539, "U3_3", 1154.06, -1163.38, "T", "SMD", "TXD", "", "P", 70.87, 31.5, 0, 0],
		[540, "U3_4", 1154.06, -1206.69, "T", "SMD", "PPS", "", "P", 70.87, 31.5, 0, 0],
		[541, "U3_5", 1154.06, -1250, "T", "SMD", "U3_5", "", "P", 70.87, 31.5, 0, 0],
		[542, "U3_6", 1154.06, -1293.3, "T", "SMD", "U3_6", "", "P", 70.87, 31.5, 0, 0],
		[543, "U3_7", 1154.06, -1336.61, "T", "SMD", "U3_7", "", "P", 70.87, 31.5, 0, 0],
		[544, "U3_8", 1154.06, -1379.92, "T", "SMD", "+3.3V", "", "P", 70.87, 31.5, 0, 0],
		[545, "U3_9", 1154.06, -1423.23, "T", "SMD", "U3_9", "", "P", 70.87, 31.5, 0, 0],
		[546, "U3_10", 1535.95, -1423.23, "T", "SMD", "GND", "GND", "P", 70.87, 31.5, 0, 0],
		[547, "U3_11", 1535.95, -1379.92, "T", "SMD", "$1N84331", "", "P", 70.87, 31.5, 0, 0],
		[548, "U3_12", 1535.95, -1336.61, "T", "SMD", "GND", "GND", "P", 70.87, 31.5, 0, 0],
		[549, "U3_13", 1535.95, -1293.3, "T", "SMD", "U3_13", "", "P", 70.87, 31.5, 0, 0],
		[550, "U3_14", 1535.95, -1250, "T", "SMD", "$1N84327", "", "P", 70.87, 31.5, 0, 0],
		[551, "U3_15", 1535.95, -1206.69, "T", "SMD", "U3_15", "", "P", 70.87, 31.5, 0, 0],
		[552, "U3_16", 1535.95, -1163.38, "T", "SMD", "SDAG", "", "P", 70.87, 31.5, 0, 0],
		[553, "U3_17", 1535.95, -1120.08, "T", "SMD", "SCLG", "", "P", 70.87, 31.5, 0, 0],
		[554, "U3_18", 1535.95, -1076.77, "T", "SMD", "U3_18", "", "P", 70.87, 31.5, 0, 0],
		[555, "U5_1", 640.32, -696.84, "T", "SMD", "$1N4694", "", "O", 22.6, 80.24, 0, 0],
		[556, "U5_2", 690.32, -696.84, "T", "SMD", "+12V", "", "O", 22.6, 80.24, 0, 0],
		[557, "U5_3", 740.32, -696.84, "T", "SMD", "$1N4635", "", "O", 22.6, 80.24, 0, 0],
		[558, "U5_4", 790.32, -696.84, "T", "SMD", "$1N4659", "", "O", 22.6, 80.24, 0, 0],
		[559, "U5_5", 790.32, -478.8, "T", "SMD", "$1N5310", "", "O", 22.6, 80.24, 0, 0],
		[560, "U5_6", 740.32, -478.8, "T", "SMD", "$1N5148", "", "O", 22.6, 80.24, 0, 0],
		[561, "U5_7", 690.32, -478.8, "T", "SMD", "GND", "GND", "O", 22.6, 80.24, 0, 0],
		[562, "U5_8", 640.32, -478.8, "T", "SMD", "$1N4920", "", "O", 22.6, 80.24, 0, 0],
		[563, "U5_9", 715.32, -587.82, "T", "SMD", "GND", "GND", "R", 78.74, 78.74, 0, 0],
		[564, "U6_1", 336.28, -393.77, "T", "SMD", "$1N4920", "", "R", 95.43, 134.65, 0, 0],
		[565, "U6_2", 78.16, -393.77, "T", "SMD", "+5V_A", "", "R", 95.43, 134.65, 0, 0],
		[566, "U12_1", 1115.98, -770, "T", "SMD", "$1N14595", "", "O", 22.6, 80.24, 0, 270],
		[567, "U12_2", 1115.98, -820, "T", "SMD", "+12V", "", "O", 22.6, 80.24, 0, 270],
		[568, "U12_3", 1115.98, -870, "T", "SMD", "EN_ALIM", "", "O", 22.6, 80.24, 0, 270],
		[569, "U12_4", 1115.98, -920, "T", "SMD", "$1N14594", "", "O", 22.6, 80.24, 0, 270],
		[570, "U12_5", 1334.02, -920, "T", "SMD", "$1N14603", "", "O", 22.6, 80.24, 0, 270],
		[571, "U12_6", 1334.02, -870, "T", "SMD", "$1N14601", "", "O", 22.6, 80.24, 0, 270],
		[572, "U12_7", 1334.02, -820, "T", "SMD", "GND", "GND", "O", 22.6, 80.24, 0, 270],
		[573, "U12_8", 1334.02, -770, "T", "SMD", "$1N14596", "", "O", 22.6, 80.24, 0, 270],
		[574, "U12_9", 1225, -845, "T", "SMD", "GND", "GND", "R", 78.74, 78.74, 0, 270],
		[575, "U13_1", 1430, -514.06, "T", "SMD", "$1N14596", "", "R", 95.43, 134.65, 0, 270],
		[576, "U13_2", 1430, -255.94, "T", "SMD", "VT", "", "R", 95.43, 134.65, 0, 270],
		[577, "U18_1", 350, -1370.85, "T", "SMD", "SDA", "", "O", 23.15, 80.51, 0, 180],
		[578, "U18_2", 300, -1370.85, "T", "SMD", "+3.3V", "", "O", 23.15, 80.51, 0, 180],
		[579, "U18_3", 250, -1370.85, "T", "SMD", "SDA", "", "O", 23.15, 80.51, 0, 180],
		[580, "U18_4", 200, -1370.85, "T", "SMD", "SCL", "", "O", 23.15, 80.51, 0, 180],
		[581, "U18_5", 200, -1589.15, "T", "SMD", "+3.3V", "", "O", 23.15, 80.51, 0, 180],
		[582, "U18_6", 250, -1589.15, "T", "SMD", "GND", "GND", "O", 23.15, 80.51, 0, 180],
		[583, "U18_7", 300, -1589.15, "T", "SMD", "$2N39926", "", "O", 23.15, 80.51, 0, 180],
		[584, "U18_8", 350, -1589.15, "T", "SMD", "$2N1603", "", "O", 23.15, 80.51, 0, 180],
		[585, "U19_1", 350, -895.85, "T", "SMD", "SCL", "", "O", 23.15, 80.51, 0, 180],
		[586, "U19_2", 300, -895.85, "T", "SMD", "+3.3V", "", "O", 23.15, 80.51, 0, 180],
		[587, "U19_3", 250, -895.85, "T", "SMD", "SDA", "", "O", 23.15, 80.51, 0, 180],
		[588, "U19_4", 200, -895.85, "T", "SMD", "SCL", "", "O", 23.15, 80.51, 0, 180],
		[589, "U19_5", 200, -1114.15, "T", "SMD", "+3.3V", "", "O", 23.15, 80.51, 0, 180],
		[590, "U19_6", 250, -1114.15, "T", "SMD", "GND", "GND", "O", 23.15, 80.51, 0, 180],
		[591, "U19_7", 300, -1114.15, "T", "SMD", "$2N39937", "", "O", 23.15, 80.51, 0, 180],
		[592, "U19_8", 350, -1114.15, "T", "SMD", "$2N1616", "", "O", 23.15, 80.51, 0, 180],
		[593, "U20_1", 2280, -1524.15, "T", "SMD", "GND", "GND", "O", 23.15, 80.51, 0, 0],
		[594, "U20_2", 2330, -1524.15, "T", "SMD", "+3.3V", "", "O", 23.15, 80.51, 0, 0],
		[595, "U20_3", 2380, -1524.15, "T", "SMD", "SDA", "", "O", 23.15, 80.51, 0, 0],
		[596, "U20_4", 2430, -1524.15, "T", "SMD", "SCL", "", "O", 23.15, 80.51, 0, 0],
		[597, "U20_5", 2430, -1305.85, "T", "SMD", "+3.3V", "", "O", 23.15, 80.51, 0, 0],
		[598, "U20_6", 2380, -1305.85, "T", "SMD", "GND", "GND", "O", 23.15, 80.51, 0, 0],
		[599, "U20_7", 2330, -1305.85, "T", "SMD", "$2N40255", "", "O", 23.15, 80.51, 0, 0],
		[600, "U20_8", 2280, -1305.85, "T", "SMD", "$2N536", "", "O", 23.15, 80.51, 0, 0],
		[601, "U21_1", 2280, -974.15, "T", "SMD", "+3.3V", "", "O", 23.15, 80.51, 0, 0],
		[602, "U21_2", 2330, -974.15, "T", "SMD", "GND", "GND", "O", 23.15, 80.51, 0, 0],
		[603, "U21_3", 2380, -974.15, "T", "SMD", "SDA", "", "O", 23.15, 80.51, 0, 0],
		[604, "U21_4", 2430, -974.15, "T", "SMD", "SCL", "", "O", 23.15, 80.51, 0, 0],
		[605, "U21_5", 2430, -755.85, "T", "SMD", "+3.3V", "", "O", 23.15, 80.51, 0, 0],
		[606, "U21_6", 2380, -755.85, "T", "SMD", "GND", "GND", "O", 23.15, 80.51, 0, 0],
		[607, "U21_7", 2330, -755.85, "T", "SMD", "$2N40244", "", "O", 23.15, 80.51, 0, 0],
		[608, "U21_8", 2280, -755.85, "T", "SMD", "$2N3428", "", "O", 23.15, 80.51, 0, 0],
		[609, "U22_1", 2280, -464.15, "T", "SMD", "+3.3V", "", "O", 23.15, 80.51, 0, 0],
		[610, "U22_2", 2330, -464.15, "T", "SMD", "SDA", "", "O", 23.15, 80.51, 0, 0],
		[611, "U22_3", 2380, -464.15, "T", "SMD", "SDA", "", "O", 23.15, 80.51, 0, 0],
		[612, "U22_4", 2430, -464.15, "T", "SMD", "SCL", "", "O", 23.15, 80.51, 0, 0],
		[613, "U22_5", 2430, -245.85, "T", "SMD", "+3.3V", "", "O", 23.15, 80.51, 0, 0],
		[614, "U22_6", 2380, -245.85, "T", "SMD", "GND", "GND", "O", 23.15, 80.51, 0, 0],
		[615, "U22_7", 2330, -245.85, "T", "SMD", "$2N40233", "", "O", 23.15, 80.51, 0, 0],
		[616, "U22_8", 2280, -245.85, "T", "SMD", "$2N4464", "", "O", 23.15, 80.51, 0, 0],
		[617, "U23_1", -251.5, -520, "T", "SMD", "U23_1", "", "O", 22.38, 76.78, 0, 270],
		[618, "U23_2", -251.5, -570, "T", "SMD", "U23_2", "", "O", 22.38, 76.78, 0, 270],
		[619, "U23_3", -251.5, -620, "T", "SMD", "GND", "GND", "O", 22.38, 76.78, 0, 270],
		[620, "U23_4", -251.5, -670, "T", "SMD", "GND", "GND", "O", 22.38, 76.78, 0, 270],
		[621, "U23_5", -38.5, -670, "T", "SMD", "ID_SD", "", "O", 22.38, 76.78, 0, 270],
		[622, "U23_6", -38.5, -620, "T", "SMD", "ID_SC", "", "O", 22.38, 76.78, 0, 270],
		[623, "U23_7", -38.5, -570, "T", "SMD", "$1N62787", "", "O", 22.38, 76.78, 0, 270],
		[624, "U23_8", -38.5, -520, "T", "SMD", "+3.3V", "", "O", 22.38, 76.78, 0, 270],
		[625, "WP0_1", -188.38, -447.32, "T", "SMD", "$1N62787", "", "C", 39.37, 39.37, 0, 180]
	]
}
}